-- phpMyAdmin SQL Dump
-- version 4.3.8
-- http://www.phpmyadmin.net
--
-- Host: localhost
-- Tempo de geração: 13/10/2017 às 20:44
-- Versão do servidor: 5.5.51-38.2
-- Versão do PHP: 5.6.20

SET SQL_MODE = "NO_AUTO_VALUE_ON_ZERO";
SET time_zone = "+00:00";


/*!40101 SET @OLD_CHARACTER_SET_CLIENT=@@CHARACTER_SET_CLIENT */;
/*!40101 SET @OLD_CHARACTER_SET_RESULTS=@@CHARACTER_SET_RESULTS */;
/*!40101 SET @OLD_COLLATION_CONNECTION=@@COLLATION_CONNECTION */;
/*!40101 SET NAMES utf8 */;

--
-- Banco de dados: `econo583_adm`
--

-- --------------------------------------------------------

--
-- Estrutura para tabela `cad_categoria`
--

CREATE TABLE IF NOT EXISTS `cad_categoria` (
  `id_cat` int(11) NOT NULL,
  `categoria` varchar(200) DEFAULT NULL
) ENGINE=MyISAM AUTO_INCREMENT=12 DEFAULT CHARSET=latin1;

--
-- Fazendo dump de dados para tabela `cad_categoria`
--

INSERT INTO `cad_categoria` (`id_cat`, `categoria`) VALUES
(1, 'mercearia de alto giro'),
(2, 'mercearia doce'),
(3, 'matinais'),
(4, 'pereciveis lacteos'),
(5, 'pereciveis congelados e resfriados'),
(6, 'bebidas nao alcoolicas'),
(7, 'bebidas alcoolicas'),
(8, 'higiene, saúde e beleza'),
(9, 'limpeza'),
(10, 'descartaveis'),
(11, 'bazar');

-- --------------------------------------------------------

--
-- Estrutura para tabela `cad_desc`
--

CREATE TABLE IF NOT EXISTS `cad_desc` (
  `id_desc` int(11) NOT NULL,
  `tipo_desc` varchar(10) DEFAULT NULL
) ENGINE=MyISAM AUTO_INCREMENT=8 DEFAULT CHARSET=utf8;

--
-- Fazendo dump de dados para tabela `cad_desc`
--

INSERT INTO `cad_desc` (`id_desc`, `tipo_desc`) VALUES
(1, 'kg'),
(2, 'g'),
(3, 'lt'),
(4, 'ml'),
(5, 'lata'),
(6, 'cx'),
(7, 'und');

-- --------------------------------------------------------

--
-- Estrutura para tabela `cad_endereco`
--

CREATE TABLE IF NOT EXISTS `cad_endereco` (
  `endereco` varchar(150) DEFAULT NULL,
  `bairro` varchar(150) DEFAULT NULL,
  `municipio` varchar(150) DEFAULT NULL,
  `UF` varchar(15) DEFAULT NULL,
  `cep` varchar(50) DEFAULT NULL,
  `latitude` varchar(50) DEFAULT NULL,
  `longitude` varchar(50) DEFAULT NULL,
  `id_mercado` int(11) DEFAULT NULL
) ENGINE=MyISAM DEFAULT CHARSET=latin1;

--
-- Fazendo dump de dados para tabela `cad_endereco`
--

INSERT INTO `cad_endereco` (`endereco`, `bairro`, `municipio`, `UF`, `cep`, `latitude`, `longitude`, `id_mercado`) VALUES
(' Quadra 02,Av. Alfredo Nasser, 2,', 'Parque Estrela Dalva VII', 'Luziânia', 'GO', '72830-010', '-16.2473202', '-47.9173834', 1),
('Avenida Alfredo Nascer ,23249,Quadra 22', 'Parque Estrela Dalva  0 ', 'Luziania', 'GO', '72800', '-16.2502239', '-47.9249366', 2),
('QD 22 LTS 8/10 E 15', 'P.E.D I', 'Luziânia', 'GO', '72804-010', '-16.2487617', '-47.9195448', 3),
('Av Kisleu Dias Maciel,142,', 'Parque Estrada Dalva II', 'Luziânia', 'GO', '72800-000', '-16.2494445', '-47.9186431', 4),
('Rua 115 ,Lote 02,Quadra 71', 'Parque Estrela Dalva VIII', 'Luziânia', 'GO', '888888888', '-16.26579', '-47.9139222', 5),
('Rua jorge Amado,142000', 'Parque Estrela Dalva II', 'Luziânia', 'GO', '72820-070', '-16.2495', '-47.9099', 5),
('Av. Doutor Neylon Rolim,05700', 'Parque JK', 'Luziânia', 'GO', '78815-560', '-16.2377', '-47.9423', 1),
('R. São Benedito, 180', 'Vila Rosario', 'Luziânia', 'GO', '1100111', '-16.2465622', '-47.9481479', 1),
('R. Cap. PM Carlos S. Silva,17,QD 59 LT 17', 'Jardim Oriente', 'Valparaíso', 'GO', '72870-201', '-16.0685287', '-47.9873987', 12),
('Av. Lucena Roriz, QD 138 LT 18', 'Jardim do Ingá', 'Luziânia', 'GO', '72850-010', '-16.1562004', '-47.9599635', 3),
('Rua Professor Alarico,132000,', 'Setor Fumal', 'Luziânia', 'GO', '72801-680', '-16.269255', '-47.953342', 9),
('Rua Doutor Neylo Rolim,078000,Qd. 78 Lt. 38', 'Parque Alvorada I', 'Luziânia', 'GO', '72836330', '-16.210424', '-47.928394', 10),
('Avenida Doutor Neylo Rolim,051000,', 'Parque Alvorada I', 'Luziânia', 'GO', '72836330', '-16.205484', '-47.925316', 11),
('Rua 18, QD 27 LT 02/04', 'Jardim Oriente', 'Valparaíso', 'GO', '72870-261', '-16.0692155', '-47.9936445', 13),
('Rua Rio de Janeiro, QD 06 LT 15/18', 'Parque Marajó', 'Valparaíso', 'GO', '72874-212 ', '-16.1095904', '-47.9744393', 13),
('QD 55 LT 7/8', 'Parque Araguari', 'Cidade Ocidental', 'GO', '72880-000', '-16.104713', '-47.9528866', 13),
('QD 34 LT 22/23/24', 'Parque Esplanada', 'Valparaíso', 'GO', '72876-334', '-16.0897684', '-47.9992829', 13),
('Av. Doutor Danton Jobim, QD 30 LTS 2/3 ', 'Jardim do Ingá', 'Luziânia', 'GO', '72850-200', '-16.1445691', '-47.9518887', 13),
('AV. MANOEL BRAZ ,18,163', 'PARQUE ESTRELA DALVA II', 'Luziânia', 'GO', '72820200', '-16.250200', '-47.912402', 14),
('qwerqwer,qwerqwerqwe,rqwerqwe', '12312', '123123', 'MG', '12312313', NULL, NULL, 17);

-- --------------------------------------------------------

--
-- Estrutura para tabela `cad_img`
--

CREATE TABLE IF NOT EXISTS `cad_img` (
  `id_prod` int(11) NOT NULL,
  `nome` varchar(60) NOT NULL,
  `marca` varchar(60) NOT NULL,
  `descricao` varchar(90) NOT NULL,
  `foto` varchar(60) NOT NULL
) ENGINE=MyISAM AUTO_INCREMENT=78 DEFAULT CHARSET=latin1;

--
-- Fazendo dump de dados para tabela `cad_img`
--

INSERT INTO `cad_img` (`id_prod`, `nome`, `marca`, `descricao`, `foto`) VALUES
(1, 'Frango Resfriado', 'Gm (combo)', 'kg', 'frango_resfriadogm_combokg.png'),
(2, 'Arroz', 'Prato Do Sul', '5kg', 'Naoencontrado.png'),
(3, 'Açúcar Cristal', 'Vale', '5kg', 'Naoencontrado.png'),
(4, 'Refrigerante', 'Coca-cola', '2,5lt', 'refrigerantecoca-cola25lt.png'),
(5, 'Rosquinha Mabel', 'Cream Cracker', '800g', 'Naoencontrado.png'),
(6, 'Feijão', 'Dona Dê', '1kg', 'Naoencontrado.png'),
(7, 'Banana', 'Nanica', 'kg', 'bananananicakg.png'),
(8, 'Cerveja', 'Skol', 'lata 269ml', 'cervejaskollata_269ml.png'),
(9, 'Papel Higiênico', 'Dama - Folha Dupla', 'pct', 'Naoencontrado.png'),
(10, 'Bebida Láctea', 'Pulsi', 'Bandeija 6x1', 'naoencontrado.png'),
(11, 'Rosquinha', 'Mabel', 'Coco ou leite 800g', 'rosquinhamabelcoco_ou_leite_800g.png'),
(12, 'Biscoito', 'Pit Stop', '162g (exceto integral)', 'biscoitopit_stop162g_exceto_integral.png'),
(13, 'Leite Em Pó', 'Itambé', 'lata 400g', 'leite_em_paoitambaelata_400g.png'),
(14, 'Cereal', 'Sucrilhos', 'caixa 300g (tradicional)', 'cerealsucrilhoscaixa_300g_tradicional.png'),
(15, 'Leite Condensado', 'Italac', '395g', 'leite_condensadoitalac395g.png'),
(16, 'Creme De Leite', 'Italac', '200g', 'creme_de_leiteitalac200g.png'),
(17, 'Creme De Leite', 'Marajoara', '200g', 'creme_de_leitemarajoara200g.png'),
(18, 'Creme P/ Cabelo', 'Konechon', 'pote 1kg', 'naoencontrado.png'),
(19, 'Absorvente', 'Sempre Livre', 'und', 'naoencontrado.png'),
(20, 'Detergente Pó', 'Klip', 'caixa 1kg', 'detergente_paoklipcaixa_1kg.png'),
(21, 'Água Sanitária', 'Candura', '1lt', 'naoencontrado.png'),
(22, 'Desinfetante', 'Zupp', '2lt', 'desinfetantezupp2lt.png'),
(23, 'Fralda Descartável', 'Cremer P - Jumbinho', 'pacote', 'fralda_descartaavelcremer_p_-_jumbinhopacote.png'),
(24, 'Suco', 'Nutri Néctar', '1lt', 'naoencontrado.png'),
(25, 'Suco', 'Bela Ischia', '1lt', 'sucobela_ischia1lt.png'),
(26, 'Suco', 'Tampico', '2lt', 'sucotampico2lt.png'),
(27, 'Cerveja', 'Schin', 'lata 269ml', 'cervejaschinlata_269ml.png'),
(28, 'Água De Coco', 'Du Coco', '1lt', 'aAgua_de_cocodu_coco1lt.png'),
(29, 'Uva', 'Niagara', 'bandeija 500g', 'uvaniagarabandeija_500g.png'),
(30, 'Melão', 'Amarelo', 'kg', 'melaaoamarelokg.png'),
(31, 'Maçã', 'Nacional', 'kg', 'maacaanacionalkg.png'),
(32, 'Mamão', 'Formosa', 'kg', 'mamaaoformosakg.png'),
(33, 'Cebola', 'Branca', 'kg', 'cebolabrancakg.png'),
(34, 'Batata', 'Doce', 'kg', 'batatadocekg.png'),
(35, 'Hambúrguer', 'Fast Burguer', 'misto - 56g', 'naoencontrado.png'),
(36, 'Pão', 'Francês', 'kg', 'paaofrancaeskg.png'),
(37, 'Biscoito', 'Mabel - Cream Cracker', 'pacote 400g', 'biscoitomabel_-_cream_crackerpacote_400g.png'),
(38, 'Creme P/ Cabelo', 'Konechom', 'pote 1kg', 'Naoencontrado.png'),
(39, 'Refrigerante', 'Taí', '2lt', 'Naoencontrado.png'),
(40, 'Feijão', 'Carioca', '1kg', 'Naoencontrado.png'),
(41, 'Macarrão', 'Santa Amalia', '1kg', 'macarraaosanta_amalia1kg.png'),
(42, 'Manteiga', 'Piracanjuba', '500g', 'Naoencontrado.png'),
(43, 'Molho De Tomate', 'Predileta', '340g', 'Naoencontrado.png'),
(44, 'Patinho', 'Bovino', '1kg', 'Naoencontrado.png'),
(45, 'Coxa S. Coxa', '', 'kg', 'Naoencontrado.png'),
(46, 'Patinho', 'Bovino', 'kg', 'Naoencontrado.png'),
(47, 'Músculo', 'Bovino', 'kg', 'Naoencontrado.png'),
(48, 'Macarrã', 'Santa Amalia', '1kg', 'Naoencontrado.png'),
(49, 'Coxão', 'Duro', 'kg', 'coxaaodurokg.jpg'),
(50, 'Batata Palito', 'Mc Cain', '2kg', 'Naoencontrado.png'),
(51, 'Papel Higiênico', 'Dama - Lv.12 Pg11', '340g', 'Naoencontrado.png'),
(52, 'Costela', 'Bovina', 'kg', 'costelabovinakg.jpg'),
(53, 'Papel Higiênico', 'Dama - Lv.12 Pg.11', '340g', 'papel_higiaenicodama_-_lv.12_pg.11340g.jpg'),
(54, 'Arroz', 'Xepa', '5kg', 'Naoencontrado.png'),
(55, 'Frango Resfriado', '', 'kg', 'naoencontrado.png'),
(56, 'Macarrão', 'Santa Amália', 'kg', 'naoencontrado.png'),
(57, 'Feijão', 'Carioca', 'kg', 'Naoencontrado.png'),
(58, 'Molho De  Tomate', 'Predileto', '340g', 'naoencontrado.png'),
(59, 'Acém', 'Bovino', 'kg', 'acaembovinokg.png'),
(60, 'Carne', 'De Panela', 'kg', 'naoencontrado.png'),
(61, 'Arroz', 'Brilhante', '5kg', 'naoencontrado.png'),
(62, 'Achocolatado', 'Italac', '800g', 'naoencontrado.png'),
(63, 'Arroz', 'Disempre', '5kg', 'arrozdisempre5kg.png'),
(64, 'Cerveja', 'Schin', 'lata 269ml', 'cervejaschinlata_269ml.png'),
(65, 'Banana', 'Prata', 'kg', 'bananapratakg.png'),
(66, 'Açúcar', 'Safira', '5kg', 'Naoencontrado.png'),
(67, 'Tomate', 'Extra', 'kg', 'tomateextrakg.png'),
(68, 'Hambúrguer', 'Rezende', '56g', 'hambaurguerrezende56g.jpg'),
(69, 'Linguiça Calabresa', 'Rezende', 'kg', 'linguiaca_calabresarezendekg.png'),
(70, 'Salsicha Hot Dog', 'Palmali', 'kg', 'salsicha_hot_dogpalmalikg.jpg'),
(71, 'Batata', 'Inglesa', 'kg', 'batatainglesakg.png'),
(72, 'Pão', 'FrancÊs', 'kg', 'naoencontrado.png'),
(73, 'Peito', 'Bovino', 'kg', 'naoencontrado.png'),
(74, 'Pão', 'Francês', 'kg', 'paaofrancaeskg.png'),
(75, 'Salsicha', 'Perdigão Frango', '500g', 'naoencontrado.png'),
(76, 'Mortadela De Frango', 'Sadia', '400g', 'naoencontrado.png'),
(77, '', '', '', 'naoencontrado.png');

-- --------------------------------------------------------

--
-- Estrutura para tabela `cad_mercado`
--

CREATE TABLE IF NOT EXISTS `cad_mercado` (
  `id_mercado` int(11) NOT NULL,
  `razao_social` varchar(60) NOT NULL,
  `fone` varchar(16) NOT NULL,
  `email` varchar(30) NOT NULL,
  `cnpj` varchar(40) NOT NULL,
  `logo` varchar(30) NOT NULL,
  `usuario` varchar(30) NOT NULL,
  `senha` varchar(40) DEFAULT NULL,
  `latitude` varchar(50) DEFAULT NULL,
  `longitude` varchar(50) DEFAULT NULL,
  `cad_lista` int(1) DEFAULT NULL
) ENGINE=MyISAM AUTO_INCREMENT=18 DEFAULT CHARSET=latin1;

--
-- Fazendo dump de dados para tabela `cad_mercado`
--

INSERT INTO `cad_mercado` (`id_mercado`, `razao_social`, `fone`, `email`, `cnpj`, `logo`, `usuario`, `senha`, `latitude`, `longitude`, `cad_lista`) VALUES
(1, 'Leão Supermercados (Luziânia)', '6132098200', '00000@00000', '000000000000000000', 'Leaao_Supermercados.png', 'leao', 'leao', NULL, NULL, 1),
(3, 'SuperMax Supermercados', '613621-4816 ', 'mkt.economico@gmail.com', '20.291.147/0001-95 ', 'Supermax_Supermercados.png', 'supermax', 'supermax', NULL, NULL, 1),
(4, 'Supermercado Bem Vindo (P.E.D. II)', '61977778888', 'bemvindo@gmail.com', '444444444444444444', 'vindo.png', 'bemvindo', 'bemvindo', NULL, NULL, 1),
(9, 'Quibom Supermercados (Setor Fumal)', '99999999999', 'aaaa@aaaa.com', '090989675432145678', 'QuiBom_Supermercados.png', 'quibom', 'quibom', NULL, NULL, 1),
(17, 'qwerqwe', 'werqwerq', 'wqerq', 'werqwerqwe', 'qwerqwe.png', 'qwerq', 'qwerqwer', NULL, NULL, NULL),
(11, 'Supermercado Ideal (P. Alvorada)', '12345698765', 'ideal@ideal.com', '098723456789876543', 'Supermercado_Ideal_P.png', 'ideal', 'ideal', NULL, NULL, 1),
(12, 'MaxBox Supermercados', '613627-2272', 'mkt.economico@gmail.com (MB)', '20.291.107/0001-43', 'Supermercados_MaxBox.png', 'maxbox', 'maxbox', NULL, NULL, 1),
(10, 'Smart Supermercados (P. Alvorada)', '12341234123', 'ascasdf@acasdasca', '341234986754575689', 'Supermercados_Smart.png', 'smart', 'smart', NULL, NULL, 1),
(14, 'Supermercado São José (P.E.D. II)', '999378275', 'ricardo@supermercadosaojose.co', '26136161000109', 'jose.png', 'saojose', 'saojose', NULL, NULL, 1),
(13, '+Economico', '', 'mkt.economico@gmail.com (ME)', '88889999111', 'Supermercado_Maiseconomico.png', 'maiseconomico', 'maiseconomico', '', '', 1);

-- --------------------------------------------------------

--
-- Estrutura para tabela `cad_preco`
--

CREATE TABLE IF NOT EXISTS `cad_preco` (
  `preco` double(10,2) DEFAULT NULL,
  `id_mercado` int(11) NOT NULL,
  `id_prod` int(11) NOT NULL,
  `id_cat` int(11) DEFAULT NULL
) ENGINE=MyISAM DEFAULT CHARSET=latin1;

--
-- Fazendo dump de dados para tabela `cad_preco`
--

INSERT INTO `cad_preco` (`preco`, `id_mercado`, `id_prod`, `id_cat`) VALUES
(9.99, 9, 586, 10),
(1.79, 9, 280, 7),
(2.95, 9, 585, 2),
(15.98, 11, 427, 5),
(15.49, 11, 424, 5),
(1.89, 1, 1027, 9),
(1.99, 10, 827, 2),
(5.49, 10, 85, 8),
(2.59, 1, 1028, 9),
(11.98, 1, 10, NULL),
(8.99, 1, 226, NULL),
(6.99, 1, 351, NULL),
(9.98, 1, 1025, NULL),
(3.49, 9, 584, 2),
(1.68, 1, 267, NULL),
(0.59, 1, 1026, 6),
(1.98, 1, 573, NULL),
(2.98, 1, 201, 2),
(8.99, 1, 329, 3),
(2.89, 1, 167, 6),
(3.99, 1, 298, 1),
(9.99, 4, 272, 10),
(4.29, 11, 63, 9),
(0.89, 10, 1058, 1),
(1.19, 10, 715, 1),
(1.59, 4, 191, NULL),
(9.49, 4, 656, NULL),
(16.99, 4, 12, NULL),
(1.49, 4, 190, NULL),
(9.99, 4, 737, NULL),
(2.99, 4, 736, NULL),
(1.59, 1, 337, 9),
(3.99, 4, 346, 1),
(1.89, 4, 658, 7),
(0.79, 10, 1057, 8),
(1.59, 11, 248, 1),
(2.99, 9, 450, NULL),
(1.59, 11, 344, 1),
(5.99, 9, 456, NULL),
(6.99, 1, 410, 3),
(0.79, 1, 159, 1),
(0.68, 14, 832, 3),
(2.19, 3, 332, 1),
(0.99, 10, 562, 9),
(8.79, 10, 642, 10),
(8.99, 10, 563, 10),
(8.99, 11, 429, 1),
(1.39, 11, 428, 5),
(1.39, 10, 1054, 7),
(4.38, 12, 106, 4),
(1.99, 14, 637, 2),
(5.99, 9, 319, NULL),
(12.79, 9, 9, NULL),
(3.69, 9, 201, NULL),
(9.99, 9, 226, NULL),
(1.99, 9, 28, 7),
(1.29, 9, 583, 2),
(5.99, 9, 493, 10),
(5.49, 12, 1037, 5),
(8.99, 9, 296, 5),
(5.98, 3, 350, 11),
(1.89, 3, 131, 9),
(14.98, 12, 1038, 5),
(4.89, 3, 1051, 8),
(2.69, 3, 993, 2),
(1.19, 1, 974, 1),
(10.99, 11, 425, 5),
(1.29, 1, 333, 1),
(8.99, 11, 426, 5),
(0.98, 3, 81, 1),
(7.98, 3, 1049, 5),
(2.49, 10, 789, 6),
(1.89, 13, 956, 4),
(14.98, 13, 1038, 5),
(1.29, 12, 123, 1),
(4.49, 10, 1021, 5),
(2.49, 1, 571, 4),
(5.49, 4, 142, 1),
(2.29, 13, 79, NULL),
(1.39, 1, 218, 1),
(4.49, 10, 605, NULL),
(7.99, 10, 87, NULL),
(3.99, 1, 1033, 4),
(2.99, 1, 346, 1),
(1.98, 13, 217, NULL),
(9.99, 4, 593, 5),
(8.99, 4, 16, 5),
(1.49, 4, 660, 1),
(7.99, 1, 1031, 5),
(0.79, 1, 947, 5),
(9.49, 14, 839, 10),
(1.45, 1, 815, 1),
(5.99, 4, 529, 2),
(1.29, 13, 123, NULL),
(5.19, 14, 435, NULL),
(8.99, 14, 281, NULL),
(2.99, 14, 52, NULL),
(4.49, 14, 652, NULL),
(9.35, 14, 718, NULL),
(1.99, 14, 618, NULL),
(2.49, 14, 828, 3),
(2.99, 14, 450, 2),
(1.69, 14, 116, 8),
(2.99, 14, 840, 9),
(1.29, 14, 842, 1),
(1.49, 14, 218, 1),
(0.69, 14, 831, 6),
(4.38, 13, 106, NULL),
(1.99, 14, 827, 2),
(8.69, 14, 292, 5),
(2.99, 14, 835, 4),
(2.39, 14, 834, 4),
(1.99, 14, 826, 1),
(1.29, 10, 1056, 1),
(1.99, 14, 833, 4),
(2.49, 14, 830, 2),
(1.49, 1, 344, 1),
(4.99, 14, 829, 3),
(7.99, 14, 45, 1),
(1.48, 13, 219, 1),
(1.29, 13, 81, 1),
(0.98, 13, 813, 1),
(2.59, 14, 648, 11),
(0.89, 14, 389, 8),
(2.49, 10, 1001, 2),
(0.98, 12, 345, NULL),
(1.19, 14, 824, 1),
(1.89, 12, 956, 4),
(9.95, 4, 226, 1),
(3.89, 4, 662, 2),
(1.99, 4, 95, 1),
(4.99, 4, 63, 9),
(1.48, 12, 219, 1),
(10.99, 1, 1030, 8),
(1.78, 12, 233, NULL),
(0.89, 10, 1055, 1),
(0.98, 12, 813, NULL),
(2.29, 12, 79, NULL),
(1.89, 14, 95, 1),
(1.29, 12, 81, NULL),
(1.89, 10, 233, NULL),
(8.99, 1, 1029, 11),
(1.29, 12, 218, NULL),
(5.19, 14, 439, 9),
(1.68, 3, 28, NULL),
(0.98, 3, 67, NULL),
(6.49, 3, 1048, NULL),
(0.98, 13, 345, NULL),
(3.59, 14, 525, 1),
(1.39, 14, 344, 1),
(11.99, 4, 182, 1),
(2.99, 4, 739, 8),
(5.49, 13, 1037, 5),
(4.69, 14, 836, 5),
(3.29, 14, 437, 5),
(7.99, 10, 560, NULL),
(4.99, 10, 529, NULL),
(1.98, 12, 217, 1),
(8.98, 3, 1050, NULL),
(1.49, 1, 1032, 5),
(16.99, 1, 949, 3),
(3.78, 3, 106, 5),
(2.79, 14, 79, 1),
(1.29, 3, 549, NULL),
(1.78, 13, 233, 1),
(1.29, 13, 218, NULL),
(5.69, 10, 241, NULL);

-- --------------------------------------------------------

--
-- Estrutura para tabela `cad_produto`
--

CREATE TABLE IF NOT EXISTS `cad_produto` (
  `id_prod` int(11) NOT NULL,
  `nome` varchar(60) NOT NULL,
  `marca` varchar(60) NOT NULL,
  `descricao` varchar(90) NOT NULL,
  `foto` varchar(60) NOT NULL
) ENGINE=MyISAM AUTO_INCREMENT=1059 DEFAULT CHARSET=latin1;

--
-- Fazendo dump de dados para tabela `cad_produto`
--

INSERT INTO `cad_produto` (`id_prod`, `nome`, `marca`, `descricao`, `foto`) VALUES
(1, 'Feijão', 'Kicaldo', '1kg', 'feijaaokicaldo1kg.png'),
(2, 'Frango Resfriado', 'Super Frango', 'kg', 'frango_resfriadosuper_frangokg.png'),
(3, 'Linguiça', 'Super Frango', 'kg', 'linguiacasuper_frangokg.png'),
(4, 'Carne', 'Acém', 'kg', 'carneacemkg.png'),
(5, 'Açúcar', 'Esmeralda', '5kg', 'naoencontrado.png'),
(6, 'Carne', 'Suina', 'kg', 'carnesuinakg.png'),
(7, 'Molho De Tomate', 'Tarantella', '340g', 'molho_de_tomatetarantella340g.png'),
(8, 'Macarrão Espaguete', 'Semola Araguaia', '500g', 'naoencontrado.png'),
(9, 'Arroz', 'Brilhante', '5kg', 'arrozbrilhante5kg.jpg'),
(10, 'Arroz', 'Tio Jorge', '5kg', 'arroztio_jorge5kg.png'),
(11, 'Feijão', 'Da Mamãe', '1kg', 'feijaaoda_mamaae1kg.png'),
(12, 'Carne', 'Coxão Mole', 'kg', 'carnecoxaao_molekg.png'),
(13, 'Carne', 'Contra Filé', 'kg', 'carnecontra_filaekg.png'),
(14, 'Carne', 'Coxão Duro', 'kg', 'carnecoxaao_durokg.png'),
(15, 'Paleta', 'Bovina', 'kg', 'paletabovinakg.png'),
(16, 'Figado', 'Bovino', 'kg', 'figadobovinokg.png'),
(17, 'Linguiça', 'Bovina', 'kg', 'linguiacabovinakg.png'),
(18, 'Macarrão Instantâneo', 'Nissin', '85g', 'macarraao_instantaaneonissin85g.png'),
(19, 'Arroz', 'Tio João', '5kg', 'arroztio_joaao5kg.png'),
(20, 'Costela', 'Bovina', 'kg', 'costelabovinakg.png'),
(21, 'Macarrão', 'Santa Amália', '1kg', 'macarraaosanta_amaalia1kg.png'),
(22, 'Molho De Tomate', 'Predilecta', '340g', 'molho_de_tomatepredilecta340g.jpg'),
(23, 'Batata', 'Doce', 'kg', 'batatadocekg.jpg'),
(24, 'Milho Verde', 'Quero', '200g', 'milho_verdequero200g.jpg'),
(25, 'Leite Integral', 'Tirol', '1lt', 'leite_integraltirol1lt.png'),
(26, 'Refrigerante', 'Sukita', '2lt', 'refrigerantesukita2lt.png'),
(27, 'Cerveja', 'Kaiser', '250ml', 'cervejakaiser250ml.png'),
(28, 'Cerveja', 'Skol', '269ml', 'cervejaskol269ml.png'),
(29, 'Limão', 'Tahiti', 'kg', 'limaaotahitikg.png'),
(30, 'Bombom', 'Lacta', 'cx', 'Naoencontrado.png'),
(31, 'Salsicha Hot Dog', 'Seara', 'kg', 'salsicha_hot_dogsearakg.png'),
(32, 'Rosquinha', 'Mabel', '800g', 'biscoitomabel800g.png'),
(33, 'Frango Resfriado', 'Super Frango', 'kg', 'frango_resfriadosuper_frangokg.png'),
(34, 'Biscoito', 'Passatempo Recheado', '140g', 'biscoitopassatempo_recheado140g.png'),
(35, 'Arroz', 'Soberano', '5kg', 'arrozsoberano5kg.png'),
(36, 'Bombom', 'Lacta', 'cx 400g', 'bombomlactacx_400g.png'),
(37, 'Arroz', 'Coração', '5kg', 'naoencontrado.png'),
(38, 'Feijão', 'Semedil', '1kg', 'naoencontrado.png'),
(39, 'Papel Higiênico', 'Klass', '12und.', 'naoencontrado.png'),
(40, 'Biscoito', 'Fortaleza Cream Craker', '400g', 'biscoitofortaleza_cream_craker400g.png'),
(41, 'Feijão', 'São Marcos', '1kg', 'Naoencontrado.png'),
(42, 'Linguiça', 'Super Frango', 'kg', 'linguiacasuper_frangokg.png'),
(43, 'Coxa S. Coxa', 'Super Frango', 'kg', 'coxa_s._coxasuper_frangokg.png'),
(44, 'Arroz', 'Soberano', '5kg', 'Naoencontrado.png'),
(45, 'Café', 'Pingo De Ouro', '500g', 'cafaepingo_de_ouro500g.png'),
(46, 'Linguiça', 'Suina Serasa', 'kg', 'linguiacabovinakg.png'),
(47, 'Açúcar', 'Cristal Vale', '5kg', 'naoencontrado.png'),
(48, 'Papel Higiênico', 'Personal', '16und', 'papel_higiaenicopersonal16und.png'),
(49, 'Amaciante', 'Tuff', '3lt', 'amaciantetuff3lt.jpg'),
(50, 'Sabonete', 'Rexona', '84g', 'saboneterexona84g.png'),
(51, 'Refrigerante', 'Coca Cola', '2lt', 'refrigerantecoca_cola2lt.png'),
(52, 'Feijão', 'Da Casa', '1kg', 'feijaaoda_casa1kg.png'),
(53, 'Cerveja', 'Skol', '269ml', 'cervejaskol269ml.png'),
(54, 'Linguiça', 'Franco Sadia', 'kg', 'naoencontrado.png'),
(55, 'Leite Condensado', 'Italac', '395g', 'leite_condensadoitalac395g.png'),
(56, 'Bombom', 'Lacta', 'cx 302g', 'bombomlactacx_302g.png'),
(57, 'Papel Higiênico', 'Klass', '12und', 'Naoencontrado.png'),
(58, 'Azeite', 'Extra Virgem Quinta Da Boa Vista', '500ml', 'azeiteextra_virgem_quinta_da_boa_vista500ml.png'),
(59, 'Maionese', 'Fugini à Vapor', '500g', 'naoencontrado.png'),
(60, 'Creme Dental', 'Colgate Mpa', '90g', 'creme_dentalcolgate_mpa90g.png'),
(61, 'Sabonete', 'Albany Suave', '90g', 'sabonetealbany_suave90g.png'),
(62, 'Amaciante', 'Candura', '2lt', 'amaciantecandura2lt.png'),
(63, 'Detergente Em Pó', 'Assim', '1kg', 'detergente_em_paoassim1kg.png'),
(64, 'Suco', 'Tampico Laranja', '2lt', 'sucotampico_laranja2lt.png'),
(65, 'Suco', 'Nutri Néctar', '1lt', 'suconutri_naectar1lt.png'),
(66, 'Refrigerante', 'Rinco', '2lt', 'refrigeranterinco2lt.png'),
(67, 'Abóbora', 'Japonesa', 'kg', 'abaoborajaponesakg.png'),
(68, 'Café', 'Bico De Ouro', '500g', 'cafaebico_de_ouro500g.png'),
(69, 'Arroz', 'Medianeira', '5kg', 'arrozmedianeira5kg.png'),
(70, 'Papel Higiênico', 'Dama', 'lv. 12 pg. 11', 'papel_higiaenicodamalv_12_pg_11.png'),
(71, 'Refrigerante', 'Coca-cola', '2,5lt', 'refrigerantecoca-cola25lt.png'),
(72, 'Linguiça', 'Frango Sadia', 'kg', 'linguiacafrango_sadiakg.png'),
(73, 'Bebida Láctea', 'Pulsi', '340g', 'bebida_laacteapulsi340g.png'),
(74, 'Sorvete', 'Nós 2', '1.8lt', 'sorvetenaos_21.8lt.jpg'),
(75, 'Melancia', 'Grande', 'kg', 'melanciagrandekg.png'),
(76, 'Requeijão', 'Carolina', '180g', 'requeijaaocarolina180g.png'),
(77, 'Hambúrguer', 'Rezende', '56g', 'hambaurguerrezende56g.png'),
(78, 'Margarina', 'Doriana', '500g', 'margarinadoriana500g.jpg'),
(79, 'Maracujá', '', 'kg', 'maracujaakg.png'),
(80, 'Abacaxi', '', 'kg', 'abacaxikg.png'),
(81, 'Batata', 'Inglesa', 'kg', 'batatainglesakg.png'),
(82, 'Manga', 'Palmer', 'kg', 'mangapalmerkg.png'),
(83, 'Limpador', 'Veja Multiuso (tradicional)', '500ml', 'limpadorveja_multiuso_tradicional500ml.png'),
(84, 'Maionese', 'Fugini', '500g', 'maionesefugini500g.png'),
(85, 'Shampoo', 'Seda', '325ml', 'shampooseda325ml.png'),
(86, 'Frango', 'Congelado', 'kg', 'frangocongeladokg.png'),
(87, 'Linguiça De Frango', 'Bonasa', 'kg', 'linguiaca_de_frangobonasakg.png'),
(88, 'Óleo De Soja', 'Soya', '900ml', 'aOleo_de_sojasoya900ml.png'),
(89, 'Coxa E Sobrecoxa', 'Bonasa', 'bdj. 1kg', 'coxa_e_sobrecoxabonasabdj._1kg.png'),
(90, 'Feijão', 'Dona Dê', '1kg', 'Naoencontrado.png'),
(91, 'Macarrão Espaguete', 'Araguaia', '500g', 'macarraao_espaguetearaguaia500g.png'),
(92, 'Açúcar', 'Safira', '5kg', 'Naoencontrado.png'),
(93, 'Rosquinha Coco', 'Micos', '800g', 'rosquinha_cocomicos800g.png'),
(94, 'Salsicha Hot Dog', 'Palmali', 'kg', 'salsicha_hot_dogpalmalikg.png'),
(95, 'Farinha De Trigo', 'Ricco', '1kg', 'Naoencontrado.png'),
(96, 'Cerveja', 'Antártica', '269ml', 'cervejaantaartica269ml.png'),
(97, 'Bebida Láctea', 'Carolina', 'bdj. 540g', 'bebida_laacteacarolinabdj._540g.png'),
(98, 'Bebida Láctea', 'Luce', 'bdj. 540g', 'bebida_laactealucebdj._540g.png'),
(99, 'Presunto Cozido', 'Palmali (fatiado)', '100g', 'presunto_cozidopalmali_fatiado100g.png'),
(100, 'Mistura P/ Bolo', 'Araguaia', '400g', 'naoencontrado.png'),
(101, 'Papel Higiênico', 'Fofinho - Folha Dupla', 'lv. 12 pg. 11', 'papel_higiaenicofofinho_-_folha_duplalv._12_pg._11.png'),
(102, 'Refrigerante', 'Bare', '2lt', 'refrigerantebare2lt.png'),
(103, 'Refrigerante', 'Coca Cola', '1lt', 'refrigerantecoca_cola1lt.png'),
(104, 'Feijão', 'Alvorada', '1kg', 'feijaaoalvorada1kg.png'),
(105, 'Arroz', 'Dona Xepa', '5kg', 'arrozdona_xepa5kg.png'),
(106, 'Margarina', 'Qualy', '500g', 'margarinaqualy500g.png'),
(107, 'Óleo De Soja', 'Comigo', '900ml', 'aOleo_de_sojacomigo900ml.png'),
(108, 'Sabão Em Barra', 'Geo', '1kg', 'sabaao_em_barrageo1kg.png'),
(109, 'Óleo De Soja', 'Liza', '900ml', 'aOleo_de_sojaliza900ml.png'),
(110, 'Biscoito', 'Fortaleza Cream Craker', '400g', 'biscoitofortaleza_cream_craker400g.png'),
(111, 'Linguiça Calabresa', 'Palmali', 'kg', 'linguiaca_calabresapalmalikg.png'),
(112, 'Detergente Em Pó', 'Omo', '500g', 'detergente_em_paoomo500g.png'),
(113, 'Detergente Pó', 'Assim', '1kg', 'Naoencontrado.png'),
(114, 'Amaciante', 'Proeza', '2lt', 'amacianteproeza2lt.png'),
(115, 'Pão', 'Francês', 'kg', 'paaofrancaeskg.png'),
(116, 'Creme Dental', 'Sorriso', '90g', 'creme_dentalsorriso90g.png'),
(117, 'Cerveja', 'Heineken', '250ml', 'cervejaheineken250ml.png'),
(118, 'Patinho', 'Bovino (peça S/ Limpar)', 'kg', 'patinhobovino_peaca_s/_limparkg.png'),
(119, 'Cream Cracker Especial', 'Marilan', '400g', 'cream_cracker_especialmarilan400g.png'),
(120, 'Cerveja', 'Kaiser', '269ml', 'cervejakaiser269ml.png'),
(121, 'Cerveja', 'Skol (caixa Com 15)', '269ml', 'cervejaskol_caixa_com_15269ml.png'),
(122, 'Papel Higiênico', 'Dama', 'lv. 12 pg. 11', 'papel_higiaenicodamalv_12_pg_11.png'),
(123, 'Mandioca', '', 'kg', 'mandiocakg.png'),
(124, 'Patinho', 'Bovino (peça Sem Limpar)', 'kg', 'patinhobovino_peaca_sem_limparkg.png'),
(125, 'Leite Integral', 'Itambé', '1lt', 'leite_integralitambae1lt.png'),
(126, 'Leite Integral', 'Italac', '1lt', 'leite_integralitalac1lt.png'),
(127, 'Refrigerante', 'Coca Cola', '2,5lt', 'Naoencontrado.png'),
(128, '', '', '', 'naoencontrado.png'),
(129, 'Açúcar', 'Da Mamãe', '5kg', 'Naoencontrado.png'),
(130, 'Arroz', 'Cristal', '2kg', 'arrozcristal2kg.png'),
(131, 'Água Sanitária', 'Qboa', '1lt', 'aAgua_sanitaariaqboa1lt.png'),
(132, 'Fralda', 'Pampers Supersec G', '26und', 'fraldapampers_supersec_g26und.jpg'),
(133, 'Macarrão Parafuso', 'Fortaleza', '500g', 'macarraao_parafusofortaleza500g.png'),
(134, 'Biscoito', 'Passatempo Recheado', '140g', 'biscoitopassatempo_recheado140g.png'),
(135, 'Cuscuz', 'Sinhá - Tradicional', '500g', 'cuscuzsinhaa_-_tradicional500g.png'),
(136, 'Creme Dental', 'Colgate - Ação Hortelã', '90g', 'Naoencontrado.png'),
(137, 'Leite Em Pó', 'Ninho - Instantâneo Forti+', '400g', 'leite_em_paoninho_-_instantaaneo_forti+400g.png'),
(138, 'Farofa Pronta', 'Provati', '400g', 'Naoencontrado.png'),
(139, 'Farinha De Trigo', 'Premium', '1kg', 'farinha_de_trigopremium1kg.jpg'),
(140, 'Arroz', 'Cremoso - Combo', '5kg', 'Naoencontrado.png'),
(141, 'Detergente Em Pó', 'Klip', '1kg', 'detergente_em_paoklip1kg.png'),
(142, 'Macarrão Espaguete', 'Emegê', '1kg', 'macarraao_espagueteemegae1kg.png'),
(143, 'Coxa E Sobrecoxa', 'Super Frango', 'kg', 'coxa_e_sobrecoxasuper_frangokg.png'),
(144, 'Papel Higiênico', 'Fancy - Folha Dupla', 'lv. 12 pg. 11', 'papel_higiaenicofancy_-_folha_duplalv._12_pg._11.png'),
(145, 'Azeitona Verde Com Caroço', 'Del Chefe', '500g', 'Naoencontrado.png'),
(146, 'Azeitona Verde Com Caroço', 'Faisão', '500g', 'azeitona_verde_com_caroacofaisaao500g.png'),
(147, 'Lasanha', 'Rezende', '600g', 'lasanharezende600g.png'),
(148, 'Peito De Frango', 'Super Frango', 'kg', 'peito_de_frangosuper_frangokg.png'),
(149, 'Queijo Mussarela', 'Volanda', 'kg', 'queijo_mussarelavolandakg.png'),
(150, 'Presunto Cozido', 'Seara', '100g', 'presunto_cozidoseara100g.png'),
(151, 'Bolo', 'Sabores', 'kg', 'bolosaboreskg.png'),
(152, 'Pão', 'De Queijo', 'kg', 'paaode_queijokg.png'),
(153, 'Pudim', '', 'kg', 'pudimkg.png'),
(154, 'Molho De Tomate', 'Bonare', '340g', 'molho_de_tomatebonare340g.png'),
(155, 'Flocão Milho', 'Provatti', '500g', 'naoencontrado.png'),
(156, 'Batata Palha', 'Visconti', '140g', 'batata_palhavisconti140g.png'),
(157, 'Biscoito Wafer', 'Visconti', '120g', 'biscoito_wafervisconti120g.png'),
(158, 'Biscoito Recheado', 'Bauducco', '360g', 'biscoito_recheadobauducco360g.png'),
(159, 'Macarrão Instantâneo', 'Sandella', '85g', 'macarraao_instantaaneosandella85g.png'),
(160, 'Água Sanitária', 'Candura', '1lt', 'aAgua_sanitaariacandura1lt.png'),
(161, 'Detergente Liquido', 'Triex', '500ml', 'detergente_liquidotriex500ml.png'),
(162, 'Limpador', 'Zupp', '1lt', 'naoencontrado.png'),
(163, 'Absorvente', 'Sempre Livre', 'lv. 8 pg. 7', 'absorventesempre_livrelv._8_pg._7.png'),
(164, 'Shampoo', 'Palmolive', '350ml', 'Naoencontrado.png'),
(165, 'Panela De Pressão', 'Panelux', '4,5lt', 'naoencontrado.png'),
(166, 'Lâmpada', 'Avant', '15watts', 'naoencontrado.png'),
(167, 'Suco', 'Bela Ischia', '1lt', 'sucobela_ischia1lt.jpg'),
(168, 'Birinight', '', '375ml', 'birinight375ml.png'),
(169, 'Refrescante Em Pó', 'Refreskant', '25g', 'naoencontrado.png'),
(170, 'Banana', 'Nanica', 'kg', 'bananananicakg.png'),
(171, 'Ração', 'Vita+', '20kg', 'naoencontrado.png'),
(172, 'Ração', 'Sapecao', '20kg', 'naoencontrado.png'),
(173, 'Lâmpada Fluorescente', 'Solei', 'und', 'naoencontrado.png'),
(174, 'Lâmpada Fluorescente', 'Elgin', 'und', 'naoencontrado.png'),
(175, 'Vassoura', 'Bellano', 'und', 'naoencontrado.png'),
(176, 'Vassoura', 'Noviça', 'und', 'naoencontrado.png'),
(177, 'Cerveja', 'Skol', '300ml', 'Naoencontrado.png'),
(178, 'Coxa E Sobrecoxa', 'Friato C/ Dos', 'kg', 'coxa_e_sobrecoxafriato_c/_doskg.png'),
(179, 'Frango Resfriado', 'Super Frango', 'kg', 'frango_resfriadosuper_frangokg.png'),
(180, 'Feijão', 'Brasilia', '1kg', 'feijaaobrasilia1kg.jpg'),
(181, 'Biscoito Rosquinha', 'Mabel', '800g', 'biscoito_rosquinhamabel800g.png'),
(182, 'Arroz', 'Doura', '5kg', 'arrozdoura5kg.jpg'),
(183, 'Carne', 'Filé  Minho', 'kg', 'naoencontrado.png'),
(184, 'Salsicha Hot Dog', 'Resende', 'kg', 'salsicha_hot_dogresendekg.png'),
(185, 'Maçã', '', 'kg', 'maacaakg.png'),
(186, 'Biscoito', 'Lepeti Aguá E Sal', '400g', 'naoencontrado.png'),
(187, 'Café', 'Gre', '250g', 'naoencontrado.png'),
(188, 'Refrigerante', 'Antártica', '3.3lt', 'refrigeranteantaartica3.3lt.jpg'),
(189, 'Refrigerante', 'Taí', '2lt', 'refrigerantetaai2lt.jpg'),
(190, 'Cerveja Retornável', 'Brahma Profissa', '300ml', 'cerveja_retornavaelbrahma_profissa300ml.png'),
(191, 'Cerveja Retornável', 'Skol Profissa', '300ml', 'cerveja_retornavelskol_profissa300ml.png'),
(192, 'Carne', 'Filé Mignon', 'kg', 'carnefilae_mignonkg.png'),
(193, 'Biscoito Água E Sal', 'Le Peti', '400g', 'biscoito_aAgua_e_salle_peti400g.png'),
(194, 'Açúcar Cristal', 'Zafira', '5kg', 'Naoencontrado.png'),
(195, 'Cerveja', 'Antártica', '269ml', 'cervejaantaartica269ml.png'),
(196, 'Óleo De Soja', 'Soya', '900ml', 'aOleo_de_sojasoya900ml.png'),
(197, 'Linguiça Toscana Suína', 'Palmali', 'kg', 'linguiaca_toscana_suainapalmalikg.png'),
(198, 'Feijão Carioca', 'Da Mamãe', '1kg', 'Naoencontrado.png'),
(199, 'Refrigeran', 'Taí', '2lt', 'Naoencontrado.png'),
(200, 'Macarrão Instantâneo', 'Youlle', '63g', 'macarraao_instantaaneoyoulle63g.png'),
(201, 'Biscoito Cream Cracker', 'Fortaleza', '400g', 'biscoitofortaleza_cream_craker400g.png'),
(202, 'Mistura P/ Bolo', 'Sandella', '400g', 'mistura_p/_bolosandella400g.png'),
(203, 'Iogurte', 'Activia', '850g', 'iogurteactivia850g.png'),
(204, 'Coxa E Sobrecoxa', 'Friato Com Dos', 'kg', 'coxa_e_sobrecoxafriato_com_doskg.png'),
(205, 'Biscoito Água E Sal', 'Le Petit', '400g', 'biscoito_aAgua_e_salle_peti400g.png'),
(206, 'Suco', 'Mari Fruitt', '1lt', 'sucomari_fruitt1lt.png'),
(207, 'Suco', 'Nut', '290ml', 'suconut290ml.png'),
(208, 'Vinho', 'Del Grano', '750ml', 'vinhodel_grano750ml.png'),
(209, 'Água De Coco', 'Coco Do Vale', '1lt', 'aAgua_de_cocococo_do_vale1lt.png'),
(210, 'Papel Higiênico', 'Cotton - Folha Dupla', 'lv. 12 pg. 11', 'papel_higiaenicocotton_-_folha_duplalv._12_pg._11.png'),
(211, 'Batata Palito Congelada', 'Uai', '2kg', 'batata_palito_congeladauai2kg.png'),
(212, 'Achocolatado', 'Danette', '200g', 'achocolatadodanette200g.png'),
(213, 'Energético', 'Red Bull', '250ml', 'energaeticored_bull250ml.png'),
(214, 'Papel Toalha', 'Social Clean', 'Com 2und', 'papel_toalhasocial_cleancom_2und.jpg'),
(215, 'Absorvente', 'Diana', 'lv. 16 pg. 14', 'absorventedianalv._16_pg._14.png'),
(216, 'Sandália Feminina', 'Ipanema (trance, Salome, +tiras)', 'und', 'naoencontrado.png'),
(217, 'Abacaxi', '', 'und', 'abacaxiund.png'),
(218, 'Mamão', 'Formosa', 'kg', 'mamaaoformosakg.png'),
(219, 'Cebola', '', 'kg', 'cebolakg.png'),
(220, 'Açúcar Cristal', 'Safira', '5kg', 'Naoencontrado.png'),
(221, 'Mistura Para Bolo', 'Sandella', '400g', 'mistura_para_bolosandella400g.png'),
(222, 'Macarrão Instantâneo', 'Yolle', '63g', 'macarraao_instantaaneoyolle63g.png'),
(223, 'Frango Resfriado', 'Gm', 'kg', 'frango_res.gmkg.png'),
(224, 'Açúcar Cristal', 'Rei', '5kg', 'aacaucar_cristalrei5kg.jpg'),
(225, 'Feijão Preto', 'Kicaldo', '1kg', 'feijaao_pretokicaldo1kg.png'),
(226, 'Café', 'Luziania', '500g', 'cafaeluziania500g.png'),
(227, 'Biscoito', 'Bauducco - Gulosos Brigadeiro', '360g', 'biscoitobauducco_-_gulosos_brigadeiro360g.jpg'),
(228, 'Arroz', 'Esmeralda', '5kg', 'arrozesmeralda5kg.png'),
(229, 'Arroz', 'Cristal', '5kg', 'arrozcristal5kg.png'),
(230, 'Açúcar Cristal', 'Vale', '5kg', 'Naoencontrado.png'),
(231, 'Açúcar Cristal', 'Leeve', '5kg', 'Naoencontrado.png'),
(232, 'Café', 'Companheiro', '500g', 'Naoencontrado.png'),
(233, 'Banana', 'Prata', 'kg', 'bananapratakg.png'),
(234, 'Arroz', 'Leve', '5kg', 'Naoencontrado.png'),
(235, 'Extrato De Tomate', 'Elefante', 'lata 340g', 'extrato_de_tomateelefantelata_340g.png'),
(236, 'Pernil', '', 'kg', 'pernilkg.png'),
(237, 'Cebola', '', 'kg', 'cebolakg.png'),
(238, 'Macarrão', 'Pagamello', '500g', 'macarraaopagamello500g.png'),
(239, 'Macarrão', 'Paganello', '500g', 'macarraaopaganello500g.png'),
(240, 'Frango Resfriado', 'Bonasa - Combo', 'kg', 'frango_resfriadobonasa_-_combokg.png'),
(241, 'Achocolatado Em Pó', 'Toddy', '400g', 'achocolatado_em_paotoddy400g.png'),
(242, 'Óleo De Soja', 'Vila Velha', '900ml', 'aOleo_de_sojavila_velha900ml.png'),
(243, 'Macarrão', 'Vilma', '500g', 'macarraaovilma500g.png'),
(244, 'Farinha De Trigo', 'Emegê', '1kg', 'farinha_de_trigoemegae1kg.png'),
(245, 'Molho De Tomate', 'Fugini', 'sachê 340g', 'molho_de_tomatefuginisachae_340g.png'),
(246, 'Uva', 'Niágara', 'bdj. 500g', 'uvaniaagarabdj._500g.png'),
(247, 'Repolho', 'Verde', 'kg', 'repolhoverdekg.png'),
(248, 'Beterraba', '', 'kg', 'beterrabakg.png'),
(249, 'Milho Verde', 'Fugini', 'lata 200g', 'milho_verdefuginilata_200g.png'),
(250, 'Biscoito', 'Passatempo Recheado', '130g', 'biscoitopassatempo_recheado130g.png'),
(251, 'Amaciante', 'Zupp', '2lt', 'amaciantezupp2lt.png'),
(252, 'Sabão Em Barra', 'Kra', '', 'naoencontrado.png'),
(253, 'Sabão Em Barra', 'Krakra', '5x1', 'Naoencontrado.png'),
(254, 'Pneu', 'Fixtyre', 'Aro 14', 'pneufixtyrearo_14.png'),
(255, 'Refrigerante', 'Coca Cola', '2.5', 'naoencontrado.png'),
(256, 'Suco De Caju Concentrado', 'Dafruta', '500ml', 'suco_de_caju_concentradodafruta500ml.png'),
(257, 'Desinfetante', 'Triex', '2lt', 'desinfetantetriex2lt.png'),
(258, 'Pão', 'Brioche', 'kg', 'paaobriochekg.png'),
(259, 'Rosca', 'Doce', 'kg', 'naoencontrado.png'),
(260, 'Torta', 'Confeitada', 'kg', 'tortaconfeitadakg.png'),
(261, 'Pão', 'Batata', 'kg', 'paaobatatakg.png'),
(262, 'Salsicha Hot Dog', 'Rezende', 'kg', 'salsicha_hot_dogrezendekg.png'),
(263, 'Linguiça Calabresa', 'Rezende', 'kg', 'linguiaca_calabresarezendekg.png'),
(264, 'Coxinha Da Asa', 'Super Frango', 'kg', 'coxinha_da_asasuper_frangokg.png'),
(265, 'Leite Fermentado', 'Trevinho', '480g', 'leite_fermentadotrevinho480g.png'),
(266, 'Iogurte', 'Trevinho', 'bdj. 360g', 'iogurtetrevinhobdj._360g.png'),
(267, 'Cerveja', 'Itaipava', '269ml', 'cervejaitaipava269ml.png'),
(268, 'Detergente Liquido', 'Uselimp', '500ml', 'detergente_liquidouselimp500ml.png'),
(269, 'Sabão Em Barra', 'Kra-kra', '5x1', 'sabaao_em_barrakra-kra5x1.png'),
(270, 'Biscoito', 'Fortaleza Maizena', '400g', 'biscoitofortaleza_maizena400g.png'),
(271, 'Leite Integral', 'Habitus', '1lt', 'leite_integralhabitus1lt.png'),
(272, 'Papel Higiênico', 'Klass', 'Folha Dupla com 12', 'papel_higiaenicoklassfolha_dupla_com_12.png'),
(273, 'Macarrão Parafuso', 'Bortoline', '500g', 'naoencontrado.png'),
(274, 'Refrigerante Guaraná', 'Antártica', '3.3lt', 'Naoencontrado.png'),
(275, 'Refrigerante Guaraná', 'Antártica', '3,3lt', 'Naoencontrado.png'),
(276, 'Carne', 'Alcatra', 'kg', 'carnealcatrakg.png'),
(277, 'Cane', 'Contra Filé', 'kg', 'Naoencontrado.png'),
(278, 'Refrigerante', 'Coca Cola', '2,5lt', 'refrigerantecoca_cola25lt.png'),
(279, 'Filezinho De Frango', 'Seara', 'kg', 'Naoencontrado.png'),
(280, 'Cerveja', 'Brahma', '269ml', 'Naoencontrado.png'),
(281, 'Arroz', 'Leeve', '5kg', 'arrozleeve5kg.png'),
(282, 'Leite Integral', 'Piracanjuba', '1lt', 'leite_integralpiracanjuba1lt.png'),
(283, 'Tomate', 'Extra', 'kg', 'tomateextrakg.png'),
(285, 'Carne', 'Alcatra', 'kg', 'carnealcatrakg.png'),
(286, 'Carne', 'Coxão Mole', 'kg', 'carnecoxaao_molekg.png'),
(287, 'Carne', 'Contra Filé', 'kg', 'carnecontra_filaekg.png'),
(288, 'Refrigerante', 'Coca-cola', '2,5lt', 'refrigerantecoca-cola25lt.png'),
(289, 'Cerveja', 'Brahma', 'lata 269ml', 'cervejabrahmalata_269ml.png'),
(290, 'Arroz', 'Leeve', '5kg', 'Naoencontrado.png'),
(291, 'Coxa S. Coxa', 'Copacol', 'kg', 'coxa_s._coxacopacolkg.png'),
(292, 'Linguiça De Frango', 'Super Frango', 'kg', 'linguiaca_de_frangosuper_frangokg.png'),
(293, 'Steak', 'Super Frango', '100g', 'Naoencontrado.png'),
(294, 'Salsicha Hot Dog', 'Super Frango', 'kg', 'salsicha_hot_dogsuper_frangokg.png'),
(295, 'Coração De Frango', 'Bonasa', 'kg', 'Naoencontrado.png'),
(296, 'Filé De Peito', 'Super Frango', 'kg', 'filae_de_peitosuper_frangokg.png'),
(297, 'Cerveja', 'Burdweiser', '343ml', 'cervejaburdweiser343ml.jpg'),
(298, 'Macarrão Espaguete', 'Santa Amália', '1kg', 'macarraao_espaguetesanta_amaalia1kg.png'),
(299, 'Feijão Carioca', 'Agrominas', '1kg', 'feijaao_cariocaagrominas1kg.png'),
(300, 'Maionese', 'Hellmanns Trad.', '500g', 'maionesehellmanns_trad.500g.png'),
(301, 'Salsicha Hot Dog', 'Palmali', 'kf', 'naoencontrado.png'),
(302, 'Coxinha Da Asa', 'Super Frango', '1kg', 'naoencontrado.png'),
(303, 'Coxinha Da Asa', 'Super Frango Cong.', '1kg', 'coxinha_da_asasuper_frango_cong.1kg.png'),
(304, 'Cerveja', 'Antártica Original', '300ml', 'naoencontrado.png'),
(305, 'Cerveja', 'Antarctica Original', '300ml', 'cervejaantarctica_original300ml.jpg'),
(306, 'Sandália', 'Dupé - Charme', 'und', 'sandaaliadupae_-_charmeund.png'),
(307, 'Biscoito Recheado', 'Bauducco - Gulosos Brigadeiro', '360g', 'naoencontrado.png'),
(308, 'Biscoito Recheado', 'Bauducco - Gulosos', '360g', 'biscoito_recheadobauducco_-_gulosos360g.png'),
(309, 'Refrigerante', 'Pepsi', '1,5lt', 'refrigerantepepsi15lt.png'),
(310, 'Esponja Multiuso', 'Tinindo', 'lv. 4 pg. 3', 'esponja_multiusotinindolv._4_pg._3.jpg'),
(311, 'Saco Para Lixo', 'Lixo Prime', '100lt 25und', 'naoencontrado.png'),
(312, 'Balde', 'Rainha', 'und', 'naoencontrado.png'),
(313, 'Balde', 'Rainha', '8lt', 'balderainha8lt.jpg'),
(314, 'Feirinha', 'Sanremo', 'und', 'feirinhasanremound.jpg'),
(315, 'Multiuso', 'Uau', '500ml', 'multiusouau500ml.png'),
(316, 'Desinfetante', 'Uselimp', '2lt', 'desinfetanteuselimp2lt.png'),
(317, 'Filezinho Do Peito', 'Seara', 'bdj. 1kg', 'filezinho_do_peitosearabdj._1kg.png'),
(318, 'Desinfetante', 'Politriz', '1750ml', 'desinfetantepolitriz1750ml.png'),
(319, 'Amaciante', 'Minuano', '2lt', 'amacianteminuano2lt.png'),
(320, 'Melão', 'Amarelo', 'kg', 'melaaoamarelokg.png'),
(321, 'Cerveja', 'Skol', '268ml', 'Naoencontrado.png'),
(322, 'Água De Coco', 'Ducoco', '1lt', 'aAgua_de_cocoducoco1lt.png'),
(323, 'Whisky', 'White Horse', '1lt', 'whiskywhite_horse1lt.png'),
(324, 'Energético', 'Tr4', '1,5lt', 'Naoencontrado.png'),
(325, 'Sorvete', 'Variatta', '1,8lt', 'sorvetevariatta18lt.png'),
(326, 'Carré Suíno', 'Aurora', 'kg', 'carrae_suainoaurorakg.png'),
(327, 'Linguiça Suína', 'Aurora', 'kg', 'Naoencontrado.png'),
(328, 'Peito De Frango', 'Bonasa', 'kg', 'Naoencontrado.png'),
(329, 'Pão', 'Hot Dog', 'kg', 'paaohot_dogkg.png'),
(330, 'Pão', 'Sovado', 'kg', 'paaosovadokg.png'),
(331, 'Molho De Tomate', 'Val', 'sachê 340g', 'molho_de_tomatevalsachae_340g.png'),
(332, 'Macarrão Espaguete', 'Roberta', '500g', 'Naoencontrado.png'),
(333, 'Flocão De Milho', 'Guará', '500g', 'Naoencontrado.png'),
(334, 'Cebola', 'Branca', 'kg', 'cebolabrancakg.png'),
(335, 'Biscoito Wafer', 'Bauducco', '140g', 'biscoito_waferbauducco140g.png'),
(336, 'Biscoito Recheado', 'Zabet', '140g', 'biscoito_recheadozabet140g.png'),
(337, 'Água Sanitária', 'Triex', '1lt', 'aAgua_sanitaariatriex1lt.png'),
(338, 'Ice', '51', '275ml', 'ice51275ml.png'),
(339, 'Cerveja', 'Antarctica', '269ml', 'cervejaantarctica269ml.png'),
(340, 'Refrigerante', 'Cerradinho', '2lt', 'refrigerantecerradinho2lt.png'),
(341, 'Suco', 'Bela Ischia', '200ml', 'sucobela_ischia200ml.png'),
(342, 'Refrigerante', 'Indaiá', '250ml', 'refrigeranteindaiaa250ml.png'),
(343, 'Tomate', '', 'kg', 'tomateextrakg.png'),
(344, 'Cenoura', '', 'kg', 'cenourakg.png'),
(345, 'Melancia', '', 'kg', 'melanciakg.png'),
(346, 'Maçã', 'Nacional', 'kg', 'maacaanacionalkg.png'),
(347, 'Birinight', 'Ice', '375ml', 'birinightice375ml.png'),
(348, 'Energético', 'Full', '2lt', 'energaeticofull2lt.png'),
(349, 'Coxa E Sobrecoxa', 'Copacol', 'kg', 'naoencontrado.png'),
(350, 'Carvão', 'Cultivar', '3kg', 'Naoencontrado.png'),
(351, 'Linguiça De Frango', 'Noronha', 'kg', 'linguiaca_de_frangonoronhakg.png'),
(352, 'Maçã', 'Especial', 'kg', 'maacaaespecialkg.png'),
(353, 'Presunto Cozido', 'Rezende (fatiado)', '100g', 'presunto_cozidorezende_fatiado100g.png'),
(354, 'Steak De Frango', 'Seara', '100g', 'steak_de_frangoseara100g.png'),
(355, 'Linguiça Toscana Suína', 'Noronha', 'kg', 'linguiaca_toscana_suainanoronhakg.png'),
(356, 'Bebida Láctea', 'Luce', '170g', 'bebida_laactealuce170g.png'),
(357, 'Água De Coco', 'Mais Coco', '1lt', 'aAgua_de_cocomais_coco1lt.png'),
(358, 'Papel Toalha', 'Social Clean', '2 und', 'papel_toalhasocial_clean2_und.png'),
(359, 'Água Sanitária', 'Qboa', '5lt', 'aAgua_sanitaariaqboa5lt.png'),
(360, 'Arroz', 'Tio Jorge', '5kg', 'arroztio_jorge5kg.png'),
(361, 'Óleo De Soja', 'Soya', '900ml', 'aOleo_de_sojasoya900ml.png'),
(362, 'Desinfetante', 'Zupp', '500ml', 'desinfetantezupp500ml.png'),
(363, 'Arroz', 'Brilhante', '5kg', 'arrozbrilhante5kg.png'),
(364, 'Feijão Carioca', 'Kicaldo', '1kg', 'feijaao_cariocakicaldo1kg.png'),
(365, 'Café', 'Luziania', '500g', 'cafaeluziania500g.png'),
(366, 'Biscoito Maizena', 'Fortaleza', '400g', 'biscoito_maizenafortaleza400g.png'),
(367, 'Pepel Higiênico', 'Leblon', 'lv. 12 pg. 11', 'naoencontrado.png'),
(368, 'Papel Higiênico', 'Leblon', 'lv. 12 pg. 11', 'papel_higiaenicoleblonlv._12_pg._11.png'),
(369, 'Papel Higiênico', 'Paloma', 'lv. 16 pg. 15', 'naoencontrado.png'),
(370, 'Chicken', 'Super Frango', '300g', 'chickensuper_frango300g.png'),
(371, 'Achocolatado Em Pó', 'Nescau', '400g', 'achocolatado_em_paonescau400g.png'),
(372, 'Leite Condensado', 'Marajoara', '395ml', 'leite_condensadomarajoara395ml.png'),
(373, 'Detergente Liquido', 'Minuano', '500ml', 'detergente_liquidominuano500ml.png'),
(374, 'Macarrão Espaguete', 'Emegê', '1kg', 'macarraao_espagueteemegae1kg.png'),
(375, 'Óleo De Soja', 'Primor', '900ml', 'aOleo_de_sojaprimor900ml.png'),
(376, 'Detergente Em Pó', 'Assim', '1kg', 'detergente_em_paoassim1kg.png'),
(377, 'Maionese', 'Maria', '500g', 'maionesemaria500g.png'),
(378, 'Cerveja', 'Antarctica - Cx. Com 15und', '269ml', 'cervejaantarctica_-_cx._com_15und269ml.png'),
(379, 'Feijão Carioca', 'Bom Gosto', '1kg', 'naoencontrado.png'),
(380, 'Farinha De Trigo', 'Araguaia', '1kg', 'naoencontrado.png'),
(381, 'Bombom', 'Garoto', '300g', 'bombomgaroto300g.png'),
(382, 'Carne', 'Cupim Bovino', 'kg', 'carnecupim_bovinokg.png'),
(383, 'Papel Higiênico', 'Sublime', 'lv. 12 pg. 11 30mts', 'papel_higiaenicosublimelv._12_pg._11_30mts.png'),
(384, 'Azeitona', 'Saborosas', '800g', 'azeitonasaborosas800g.png'),
(385, 'Milho Verde', 'Fugini', '200g', 'milho_verdefugini200g.png'),
(386, 'Achocolatado', 'Marajoara', '200ml', 'achocolatadomarajoara200ml.png'),
(387, 'Achocolatado Em Pó', 'Toddy', '700g', 'achocolatado_em_paotoddy700g.png'),
(388, 'Biscoito Recheado', 'Show Gol', '110g', 'biscoito_recheadoshow_gol110g.png'),
(389, 'Sabonete', 'Palmolive', '90g', 'sabonetepalmolive90g.png'),
(390, 'Amaciante', 'Smart', '2lt', 'naoencontrado.png'),
(391, 'Inseticida', 'Baygon', '395ml', 'inseticidabaygon395ml.png'),
(392, 'Cerveja', 'Budweiser', '269ml', 'cervejabudweiser269ml.png'),
(393, 'Repolho', 'Branco', 'kg', 'repolhobrancokg.png'),
(394, 'Melão', '', 'kg', 'melaaokg.png'),
(395, 'Pernil', 'Com Osso', 'kg', 'pernilcom_ossokg.png'),
(396, 'Cerveja', 'Budweiser', '343ml', 'cervejabudweiser343ml.jpg'),
(397, 'Leite Integral', 'Marajoara', '1lt', 'leite_integralmarajoara1lt.png'),
(398, 'Detergente Em Pó', 'Blue', '1kg', 'detergente_em_paoblue1kg.png'),
(399, 'Cerveja', 'Skol', '350ml', 'cervejaskol350ml.png'),
(400, 'Açúcar Cristal', 'Quit', 'kg', 'Naoencontrado.png'),
(401, 'Detergente Em Pó', 'Omo', '1kg', 'detergente_em_paoomo1kg.png'),
(402, 'Molho De Tomate', 'Bonare', 'sachê 340g', 'molho_de_tomatebonaresachae_340g.png'),
(403, 'Macarrão Espaguete', 'Vilma', '500g', 'macarraao_espaguetevilma500g.png'),
(404, 'Feijão Carioca', 'Quit', '1kg', 'Naoencontrado.png'),
(405, 'Arroz', 'Painho', '5kg', 'arrozpainho5kg.png'),
(406, 'Pera', 'Willians Argentina', 'kg', 'perawillians_argentinakg.png'),
(407, 'Amaciante', 'Candura', '5lt', 'amaciantecandura5lt.png'),
(408, 'Desinfetante', 'Candura', '5lt', 'desinfetantecandura5lt.png'),
(409, 'Biscoito Recheado', 'Visconti', '125g', 'biscoito_recheadovisconti125g.png'),
(410, 'Pão', 'De Forma', 'kg', 'paaode_formakg.png'),
(411, 'Pão', 'Hambúrguer', 'kg', 'paaohambaurguerkg.png'),
(412, 'Pão', 'Forma', 'kg', 'paaoformakg.png'),
(413, 'Torta Confeitada', 'Leão', 'kg', 'torta_confeitadaleaaokg.png'),
(414, 'Bolo De Limão Com Cobertura', 'Leão', 'kg', 'Naoencontrado.png'),
(415, 'Requeijão', 'Rural', '200g', 'Naoencontrado.png'),
(416, 'Frango A Passarinho', 'Bonasa', 'pct 750g', 'frango_a_passarinhobonasapct_750g.png'),
(417, 'Lasanha', 'Seara', '600g', 'lasanhaseara600g.jpg'),
(418, 'Peixe Piramutaba', 'Freemar', 'pct 800g', 'Naoencontrado.png'),
(419, 'Bebida Láctea', 'Nestlé', 'bdj. 540g', 'bebida_laacteanestlaebdj._540g.png'),
(420, 'Sabonete', 'Ypê', '90g', 'saboneteypae90g.png'),
(421, 'Talher Inox', 'Smonaggio', 'und', 'naoencontrado.png'),
(422, 'Refresco', 'Refreskant', '25g', 'refrescorefreskant25g.png'),
(423, 'Ovo', 'Branco', 'bdj. 30und', 'ovobrancobdj._30und.png'),
(424, 'Carne', 'Paleta Grossa', 'kg', 'carnepaleta_grossakg.png'),
(425, 'Peixe', 'Tambaqui', 'kg', 'peixetambaquikg.png'),
(426, 'Peixe', 'Tilápia', 'kg', 'peixetilaapiakg.png'),
(427, 'Patinho', 'Bovino', 'kg', 'patinhobovinokg.png'),
(428, 'Carne', 'Rins Bovino', 'kg', 'carnerins_bovinokg.png'),
(429, 'Café', 'Forte', '500g', 'cafaeforte500g.png'),
(430, 'Feijão Carioca', 'Alvorada', '1kg', 'feijaao_cariocaalvorada1kg.png'),
(431, 'Macarrão Espaguete', 'Paganello', '500g', 'macarraao_espaguetepaganello500g.png'),
(432, 'Sardinha Com Óleo', 'Coqueiro', '125g', 'sardinha_com_aOleocoqueiro125g.png'),
(433, 'Linguiça Suína', 'Perdigão', 'kg', 'linguiaca_suainaperdigaaokg.png'),
(434, 'Linguiça De Frango', 'Sadia', 'kg', 'linguiaca_de_frangosadiakg.png'),
(435, 'Coxa S. Coxa', 'Gm', 'kg', 'coxa_s._coxagmkg.png'),
(436, 'Coxa E Sobrecoxa', 'Gm', 'kg', 'Naoencontrado.png'),
(437, 'Tirinha De Frango', 'Super Frango', '300g', 'tirinha_de_frangosuper_frango300g.png'),
(438, 'Queijo', 'Mussarela', 'pedaço', 'queijomussarelapedaaco.png'),
(439, 'Detergente Em Pó', 'Brilhante', '1kg', 'detergente_em_paobrilhante1kg.png'),
(440, 'Lã De Aço', 'Assolan', '60g', 'laa_de_aacoassolan60g.png'),
(441, 'Creme Dental', 'Oral-b', '70g', 'creme_dentaloral-b70g.png'),
(442, 'Azeitona', 'Diza', 'sachê 100g', 'azeitonadizasachae_100g.png'),
(443, 'Biscoito', 'Estrela Cream Cracker', '400g', 'biscoitoestrela_cream_cracker400g.png'),
(444, 'Biscoito Wafer', 'Rancheiro', '120g', 'naoencontrado.png'),
(445, 'Refrigerante', 'Guaraná Antarctica', '3.3lt', 'refrigeranteguaranaa_antarctica3.3lt.png'),
(446, 'Arroz', 'Ideal', '5kg', 'arrozideal5kg.png'),
(447, 'Detergente Em Pó', 'Omo', '2kg', 'detergente_em_paoomo2kg.png'),
(448, 'Macarrão De Sêmola Espaguete', 'Paganello', '500g', 'macarraao_de_saemola_espaguetepaganello500g.png'),
(449, 'Azeitona Verde Com Caroço', 'La Violetera', '500g', 'azeitona_verde_com_caroacola_violetera500g.png'),
(450, 'Leite Condensado', 'Marajoara', '395g', 'leite_condensadomarajoara395g.png'),
(451, 'Azeitona Verde Com Caroço', 'La Violetera', '100g', 'azeitona_verde_com_caroacola_violetera100g.png'),
(452, 'Azeite', 'La Violetera', '500ml', 'azeitela_violetera500ml.png'),
(453, 'Ketchup', 'Predilecta', '400g', 'ketchuppredilecta400g.png'),
(454, 'Farinha De Trigo', 'Cristal', '1kg', 'farinha_de_trigocristal1kg.png'),
(455, 'Cereal Sucrilhos', 'Kellogg\\''s (tradicional)', '150g', 'naoencontrado.png'),
(456, 'Mucilon', 'Nestlé', '400g', 'mucilonnestlae400g.png'),
(457, 'Lasanha', 'Aurora', '650g', 'lasanhaaurora650g.png'),
(458, 'Empanados', 'Aurora', '300g', 'empanadosaurora300g.png'),
(459, 'Apresuntado Retangular', 'Aurora', 'kg', 'apresuntado_retangularaurorakg.png'),
(460, 'Suco', 'Dafruta', '1Lt', 'sucodafruta1lt.png'),
(461, 'Suco De Maracujá Concentrado', 'Maguary', '500ml', 'suco_de_maracujaa_concentradomaguary500ml.png'),
(462, 'Suco De Uva (integral)', 'Quinta Do Morgado', '1.5lt', 'suco_de_uva_integralquinta_do_morgado1.5lt.png'),
(463, 'Cerveja', 'Budweiser', '350ml', 'cervejabudweiser350ml.png'),
(464, 'Caixa Cerveja', 'Skol (caixa Com 18un)', '350ml', 'caixa_cervejaskol_caixa_com_18un350ml.png'),
(465, 'Vinho', 'Quinta Do Morgado', '750ml', 'vinhoquinta_do_morgado750ml.png'),
(466, 'Leite De Coco', 'Nordeste', '500ml', 'leite_de_coconordeste500ml.png'),
(467, 'Leite De Coco', 'Nordeste', '200ml', 'naoencontrado.png'),
(468, 'Coco Ralado Úmido', 'Nordeste', '100g', 'coco_ralado_aUmidonordeste100g.png'),
(469, 'Goiabada', 'Predilecta', '300g', 'goiabadapredilecta300g.png'),
(470, 'Fermento Em Pó', 'Royal', '100g', 'fermento_em_paoroyal100g.png'),
(471, 'Batata Palha', 'Smart', '140g', 'batata_palhasmart140g.png'),
(472, 'Pêssego Em Calda', 'Smart', '450g', 'naoencontrado.png'),
(473, 'Cereal Sucrilhos', 'Kellogg\\''s (tradicional)', '150g', 'Naoencontrado.png'),
(474, 'Cereal Sucrilhos', 'Kellogg\\''s (tradicional)', '150g', 'Naoencontrado.png'),
(475, 'Cereal Sucrilhos', 'Kelloggs (tradicional)', '150g', 'cereal_sucrilhoskelloggs_tradicional150g.png'),
(476, 'Cereal Sucrilhos', 'Kellogg\\''s (tradicional)', '150g', 'Naoencontrado.png'),
(477, 'Coxa E Sobrecoxa', 'Friato Com Dorso', 'kg', 'coxa_e_sobrecoxafriato_com_dorsokg.png'),
(478, 'Arroz', 'Tio Bonini', '5 kg', 'arroztio_bonini5_kg.png'),
(479, 'Tomate', 'Salada', 'kg', 'tomatesaladakg.png'),
(480, 'Sabão Em Pó', 'Assim', '1kg', 'sabaao_em_paoassim1kg.png'),
(481, 'Papel Higiênico', 'Cotton - Folha Dupla', 'com 12', 'Naoencontrado.png'),
(482, 'Papel Higiênico', 'Cotton', 'Folha Dupla Com 12', 'papel_higiaenicocottonfolha_dupla_com_12.png'),
(483, 'Macarrão', 'Bortolini', '500g', 'naoencontrado.png'),
(484, 'Macarrão Parafuso', 'Bortolini', '500g', 'macarraao_parafusobortolini500g.png'),
(485, 'Arroz', 'Disempre', '5kg', 'arrozdisempre5kg.png'),
(486, 'Macarrão Instantâneo', 'Yolle', '60g', 'macarraao_instantaaneoyolle63g.png'),
(487, 'Achocolatado', 'Toddy', '400g', 'achocolatadotoddy400g.png'),
(488, 'Bebida Láctea', 'Carolina Bibi Bits', '125g', 'bebida_laacteacarolina_bibi_bits125g.png'),
(489, 'Iogurte', 'Carolina', 'Bicamada 130g', 'iogurtecarolinabicamada_130g.png'),
(490, 'Aguardente', 'Caninha Da Roça', '500ml', 'aguardentecaninha_da_roaca500ml.png'),
(491, 'Creme Tratamento', 'Kanechom', '1kg', 'creme_tratamentokanechom1kg.png'),
(492, 'Fralda Descartável', 'Hipopó Baby', 'und', 'fralda_descartaavelhipopao_babyund.png'),
(493, 'Papel Higiênico', 'Leblon Soft Blanc', 'lv. 12 pg. 11', 'papel_higiaenicoleblonlv._12_pg._11.png'),
(494, 'Papel Higiênico', 'Soft Blanc', 'lv. 12 pg. 11', 'Naoencontrado.png'),
(495, 'Rodo', 'Varrebras', '40cm', 'rodovarrebras40cm.png'),
(496, 'Saco Para Lixo', 'Lixo Prime', '100l', 'saco_para_lixolixo_prime100l.png'),
(497, 'Linguiça Calabresa', 'Rezende', 'Kg', 'linguiaca_calabresarezendekg.png'),
(498, 'Pepel Higiênico', 'Paloma', 'lv. 16 pg. 15', 'pepel_higiaenicopalomalv._16_pg._15.png'),
(499, 'Água Sanitária', 'Qboa', '2lt', 'aAgua_sanitaariaqboa2lt.png'),
(500, 'Água Sanitária', 'Ypê', '2lt', 'aAgua_sanitaariaypae2lt.png'),
(501, 'Amaciante', 'Ypê', '2lt', 'amacianteypae2lt.png'),
(502, 'Creme Dental', 'Colgate Mpa', '70g', 'creme_dentalcolgate_mpa70g.png'),
(503, 'Creme Dental', 'Colgate - Tripla Ação', '90g', 'naoencontrado.png'),
(504, 'Linguiça Toscana', 'Palmali', 'kg', 'linguiaca_toscanapalmalikg.png'),
(505, 'Mistura Para Bolo', 'Araguaia', '500g', 'Naoencontrado.png'),
(506, 'Refrigerante', 'Antarctica', '1,5lt', 'refrigeranteantarctica15lt.png'),
(507, 'Bebida Mista', 'Guaramix Power', '500ml', 'bebida_mistaguaramix_power500ml.png'),
(508, 'Sorvete', 'Par Perfeito', '1.8lt', 'Naoencontrado.png'),
(509, 'Queijo', 'Mussarela - Fatiado', 'kg', 'queijomussarela_-_fatiadokg.png'),
(510, 'Presunto', 'Palmali (fatiado)', 'kg', 'presuntopalmali_fatiadokg.png'),
(511, 'Coxa S. Coxa', 'Canção', 'kg', 'coxa_s._coxacanacaaokg.png'),
(512, 'Papel Higiênico', 'Proeza', '12rolos', 'Naoencontrado.png'),
(513, 'Absorvente', 'Sym', 'lv. 8 pg. 7', 'absorventesymlv._8_pg._7.png'),
(514, 'Saco Para Lixo', 'Lixo Prime', '100lt', 'saco_para_lixolixo_prime100lt.png'),
(515, 'Azeitona Verde', 'Casa Abrahão', '500g', 'Naoencontrado.png'),
(516, 'Inseticida', 'Sbp Mult', 'lv. 450g pg. 300g', 'inseticidasbp_multlv._450g_pg._300g.png'),
(517, 'Arroz', 'Painho - Combo', '5kg', 'arrozpainho_-_combo5kg.png'),
(518, 'Leite Integral', 'Quatá', '1lt', 'leite_integralquataa1lt.png'),
(520, 'Linguiça Toscana De Frango', 'Noronha', 'kg', 'Naoencontrado.png'),
(521, 'Filé De Meluza', 'Freemar', '800g', 'Naoencontrado.png'),
(522, 'Milho Verde', 'Bonare', '200g', 'Naoencontrado.png'),
(523, 'Sardinha Com Óleo', 'Gomes Da Costa', '125g', 'sardinha_com_aOleogomes_da_costa125g.png'),
(524, 'Suco', 'Nutri Néctar', '200ml', 'Naoencontrado.png'),
(525, 'Maçã', 'Gala', 'kg', 'maacaagalakg.png'),
(526, 'Uva', 'Benitaka', 'bdj. 500g', 'uvabenitakabdj._500g.png'),
(527, 'Leite De Coco', 'Ducoco', '200ml', 'naoencontrado.png'),
(528, 'Leite Integral', 'Habitus', '1 Lt', 'Naoencontrado.png'),
(529, 'Biscoito Rosquinha', 'Rancheiro', '800g', 'biscoito_rosquinharancheiro800g.png'),
(530, 'Refrigerante', 'Taí', '2lts', 'refrigerantetaai2lts.png'),
(531, 'Arroz', 'Leeve', 'kg', 'Naoencontrado.png'),
(532, 'Arroz', 'Esmeralda', 'kg', 'Naoencontrado.png'),
(533, 'Birinight', 'Birinight 375 Ml', 'und', 'Naoencontrado.png'),
(534, 'Energético', 'Full', 'und', 'Naoencontrado.png'),
(535, 'Cerveja', 'Antarctica Sub-zero 269', 'lt', 'Naoencontrado.png'),
(536, 'Cerveja', 'Schin 269 Ml', 'lt', 'Naoencontrado.png'),
(537, 'Arroz', 'Cristal 5 Kg', 'und', 'naoencontrado.png'),
(538, 'Arroz', 'Camil 5 Kg', 'Uund', 'naoencontrado.png'),
(539, 'Feijão', 'Da Casa', 'kg', 'naoencontrado.png'),
(540, 'Feijão', 'Cristal', 'kg', 'naoencontrado.png'),
(541, 'Macarrão', 'Paganello', 'und', 'naoencontrado.png'),
(542, 'Macarrão', 'Emegê', 'und', 'naoencontrado.png'),
(543, 'Óleo De Soja', 'Soya', 'lt', 'naoencontrado.png'),
(544, 'Óleo De Soja', 'Primor', 'lt', 'naoencontrado.png'),
(545, 'Café', 'Luziania', 'und', 'naoencontrado.png'),
(546, 'Café', 'Pingo De Ouro', 'und', 'naoencontrado.png'),
(547, 'Abóbora', 'Cabotiá', 'kg', 'abaoboracabotiaakg.png'),
(548, 'Chuchu', '', 'kg', 'chuchukg.png'),
(549, 'Repolho', '', 'kg', 'repolhokg.png'),
(550, 'Abacaxi', '', 'und', 'abacaxiund.png'),
(551, 'Cebola', '', 'kg', 'cebolakg.png'),
(552, 'Abóbora', 'Cabotiá', 'kg', 'abaoboracabotiaakg.png'),
(553, 'Batata', 'Inglesa', 'kg', 'batatainglesakg.png'),
(554, 'Cebola', '', 'kg', 'cebolakg.png'),
(555, 'Abacaxi', '', 'und', 'abacaxiund.png'),
(556, 'Repolho', '', 'kg', 'repolhokg.png'),
(557, 'Chuchu', '', 'kg', 'chuchukg.png'),
(558, 'Linguiça Suína', 'Bonasa', 'kg', 'linguiaca_suainabonasakg.png'),
(559, 'Margarina', 'Claybom', '500g', 'margarinaclaybom500g.png'),
(560, 'Arroz', 'Safra', '5kg', 'arrozsafra5kg.png'),
(561, 'Bombom', 'Lacta', '302g', 'bombomlacta302g.png'),
(562, 'Detergente Liquido', 'Smart', '500ml', 'naoencontrado.png'),
(563, 'Fralda Descartável', 'Looping - Prática', '', 'fralda_descartaavellopping_-_praatica.png'),
(564, 'Peixe Piramutaba', 'Caravelos', '800g', 'peixe_piramutabacaravelos800g.png'),
(565, 'Peixe Mapará', '', '800g', 'naoencontrado.png'),
(566, 'Carne', 'Fígado Bovino', 'kg', 'carnefaigado_bovinokg.png'),
(567, 'Amaciante', 'Minuna', '500ml', 'Naoencontrado.png'),
(568, 'Refrigerante', 'Coca-cola - Combo', '2,5lt', 'refrigerantecoca-cola_-_combo25lt.png'),
(569, 'Batata Palito Congelada', 'Rezende', 'kg', 'Naoencontrado.png'),
(570, 'Batata Palito', 'Rezende', 'kg', 'Naoencontrado.png'),
(571, 'Bebida Láctea', 'Paulista', 'bdj. 540g', 'bebida_laacteapaulistabdj._540g.png'),
(572, 'Flocão Milho', 'Guará', '500g', 'Naoencontrado.png'),
(573, 'Farinha De Trigo', 'Tio Jorge', '1kg', 'Naoencontrado.png'),
(574, 'Cebola', 'Nacional', 'kg', 'cebolanacionalkg.png'),
(575, 'Pudim', 'Leão', 'kg', 'pudimleaaokg.png'),
(576, 'Suco De Uva (integral)', 'Del Grano', '1,5lt', 'Naoencontrado.png'),
(577, 'Água Sanitária', 'Zupp', '2lt', 'aAgua_sanitaariazupp2lt.png'),
(578, 'Detergente Liquido', 'Zupp', '500ml', 'detergente_liquidozupp500ml.png'),
(579, 'Esponja Multiuso', 'Condor', 'lv. 4 pg. 3', 'Naoencontrado.png'),
(580, 'Bebida Mista', 'Guaraviton', '500ml', 'bebida_mistaguaraviton500ml.png'),
(581, 'Refresco', 'Tang', '25g', 'refrescotang25g.png'),
(582, 'Talher Inox', 'Simonaggio', 'und', 'naoencontrado.png'),
(583, 'Biscoito Recheado', 'Escureto', '140g', 'Naoencontrado.png'),
(584, 'Leite Condensado', 'Piracanjuba', '395g', 'naoencontrado.png'),
(585, 'Leite Condensado', 'Virada', '395g', 'naoencontrado.png'),
(586, 'Papel Higiênico', 'Carinho', 'lv. 12 pg. 11', 'naoencontrado.png'),
(587, 'Refrigerante', 'Coca-cola', '3 Lts', 'refrigerantecoca-cola3_lts.png'),
(588, 'Arroz', '', '', 'naoencontrado.png'),
(589, 'Arroz', 'Tio Bonini', '5kg', 'arroztio_bonini5kg.png'),
(590, 'Carne', 'Acém (com Osso)', 'kg', 'carneacaem_com_ossokg.png'),
(591, 'Queijo', 'Mussarela - Fatiado', '100g', 'Naoencontrado.png'),
(592, 'Banana', 'Nanina', 'kg', 'naoencontrado.png'),
(593, 'Carne', 'Acém - Com Osso', 'kg', 'carneacaem_-_com_ossokg.png'),
(594, 'Refrigerante', 'Coca-cola', '3lt', 'refrigerantecoca-cola3lt.png'),
(595, 'Salsicha Hot Dog', 'Bonasa', 'kg', 'salsicha_hot_dogbonasakg.png'),
(596, 'Filé Do Peito De Frango', 'Bonasa', 'bdj. 1kg', 'Naoencontrado.png'),
(597, 'Suco', 'Néctar Bela', '1lt', 'naoencontrado.png'),
(598, 'Mistura Para Bolo', 'Araguaia', '400g', 'mistura_para_boloaraguaia400g.png'),
(599, 'Desinfetante', 'G5', '2lt', 'Naoencontrado.png'),
(600, 'Rodo', 'Vasbras - Madeira 40cm', 'und', 'Naoencontrado.png'),
(601, 'Peixe', 'Curimatã Esvicerado', 'kg', 'naoencontrado.png'),
(602, 'Peixe Branquinha', 'Di Bom', '700g', 'naoencontrado.png'),
(603, 'Mingau', 'Nutribom', '230g', 'naoencontrado.png'),
(604, 'Shampoo', 'Konechom', '350ml', 'naoencontrado.png'),
(605, 'Coxa S. Coxa', '', 'kg', 'coxa_s._coxakg.png'),
(606, 'Polvilho Doce', 'Matuto', '1kg', 'polvilho_docematuto1kg.png'),
(607, 'Molho De Tomate', 'Fugini', 'sachê 340g', 'molho_de_tomatefuginisachae_340g.png\n'),
(608, 'Bebida Láctea', 'Pulsi', 'bdj. 540g', 'Naoencontrado.png'),
(609, 'Requeijão Cremoso', 'Rural', '200g', 'Naoencontrado.png'),
(610, 'Lasanha', 'Sadia', '600g', 'lasanhasadia600g.png'),
(611, 'Bolinho', 'Visconti', '30g', 'naoencontrado.png'),
(612, 'Papel Higiênico', 'Mili Bianco', 'lv. 12 pg. 11', 'naoencontrado.png'),
(613, 'Desinfetante', 'Zupp', '2lt', 'desinfetantezupp2lt.png'),
(614, 'Cerveja', 'Schin', '269ml', 'cervejaschin269ml.png'),
(615, 'Pera', 'Willians', 'kg', 'perawillianskg.png'),
(616, 'Copo', 'Americano', 'und', 'copoamericanound.png'),
(617, 'Maçã', 'Nacional - Perboni', 'pct 1kg', 'maacaaespecialkg.png'),
(618, 'Biscoito Wafer', 'Bauducco', '140g', 'biscoito_waferbauducco140g.png'),
(619, 'Refrigerante', 'Taí', '2lt', 'refrigerantetaai2lt.png'),
(620, 'Refrigerante', 'Coca-cola', '2lt', 'Naoencontrado.png'),
(621, 'Mistura Para Bolo', 'Sandella', '450g', 'mistura_para_bolosandella450g.png'),
(622, 'Fralda Descartável', 'Panda Econ Confort Gd', '18und', 'fralda_descartaavelpanda_econ_confort_gd18und.png'),
(623, 'Cerveja', 'Schin', '269ml', 'cervejaschin269ml.png'),
(624, 'Arroz', 'Camil', '5kg', 'arrozcamil5kg.png'),
(625, 'Café', 'Gre', '500g', 'naoencontrado.png'),
(626, 'Macarrão', 'Vilma Semola Ave Maria', '500g', 'macarraaovilma_semola_ave_maria500g.png'),
(627, 'Molho', 'Quero', '340g', 'molhoquero340g.png'),
(628, 'Achocolatado', 'Italac', '200ml', 'achocolatadoitalac200ml.png'),
(629, 'Biscoito Amanteigado', 'Bauducco', '335g', 'biscoito_amanteigadobauducco335g.png'),
(630, 'Biscoito Recheado', 'Nestlé moça', '140g', 'biscoito_recheadonestlae_amoaca140g.png'),
(631, 'Biscoito', 'Trakinas Mais Recheio', 'Chocolate 143g', 'naoencontrado.png'),
(632, 'Camarão Congelado', 'Copacol', '500g', 'camaraao_congeladocopacol500g.png'),
(633, 'Lasanha', 'Rezende - Molho Branco', '600g', 'lasanharezende_-_molho_branco600g.png'),
(634, 'Lasanha', 'Seara - Frango Parisiense', '600g', 'lasanhaseara_-_frango_parisiense600g.png'),
(635, 'Manteiga', 'Piracanjuba C.sal', '200g', 'manteigapiracanjuba_c.sal200g.png'),
(638, 'Nuggets', 'Sadia Frango Com Queijo', '300g', 'nuggetssadia_frango_com_queijo300g.png'),
(637, 'Mistura Para Bolo', 'Apti - Abacaxi', '400g', 'mistura_para_boloapti_-_abacaxi400g.png'),
(639, 'Peixe Sardinha', 'Copacol  Lage Evisc', '1kg', 'peixe_sardinhacopacol__lage_evisc1kg.jpg'),
(640, 'Amaciante', 'Suave Pluma', '2lt', 'amaciantesuave_pluma2lt.png'),
(641, 'Esmalte', 'Colorama', '8ml', 'esmaltecolorama8ml.png'),
(642, 'Papel Higiênico', 'Dama - Folha Dupla', 'lv. 12 pg. 11', 'papel_higiaenicodama_-_folha_duplalv._12_pg._11.png'),
(643, 'Peixe Piramutaba', 'Litoral', '800g', 'peixe_piramutabalitoral800g.png'),
(644, 'Peixe Sardinha', 'Litoral', '800g', 'peixe_sardinhalitoral800g.png'),
(645, 'Peixe Mapará', 'Freemar - Em Postas', '800g', 'peixe_maparaafreemar_-_em_postas800g.png'),
(646, 'Biscoito Recheado', 'Trakinas Mais Recheio', 'Chocolate 143g', 'biscoito_recheadotrakinas_mais_recheiochocolate_143g.png'),
(647, 'Refrigerante', 'Fanta', '1,5lt', 'refrigerantefanta15lt.png'),
(648, 'Ração', 'Bomguytos - Bifinho Churrasco', '65g', 'raacaaobomguytos_-_bifinho_churrasco65g.png'),
(649, 'Queijo Parmesão Ralado', 'Bsb', '50g', 'queijo_parmesaao_raladobsb50g.png'),
(650, 'Sanduíche Hot Hit', 'Seara', '145g', 'sanduaiche_hot_hitseara145g.png'),
(651, 'Iogurte', 'Goianinho - Morango E Coco', '540g', 'iogurtegoianinho_-_morango_e_coco540g.jpg'),
(652, 'Refrigerante', 'Coca-cola - Retornável', '2lt', 'refrigerantecoca-cola_-_retornaavel2lt.png'),
(653, 'Peixe Piramutaba', 'Freemar', '800g', 'peixe_piramutabafreemar800g.png'),
(654, 'Pizza', 'Sadia - Frango C.catupiry E Muss', '460g', 'pizzasadia_-_frango_c.catupiry_e_muss460g.jpg'),
(655, 'Pizza', 'Rezende - Frango C.requeijão', '460g', 'pizzarezende_-_frango_c.requeijaao460g.png'),
(656, 'Carne', 'Costela Bovina', 'kg', 'carnecostela_bovinakg.png'),
(657, 'Linguiça De Frango', 'Prata', 'Kg', 'linguiaca_de_frangopratakg.png'),
(658, 'Cerveja Retornável', 'Antárctica Profissa', '300ml', 'cerveja_retornaavelantaarctica_profissa300ml.png'),
(659, 'Arroz', 'Doura Tipo 1', '5kg', 'Naoencontrado.png'),
(660, 'Molho De Tomate', 'Bonare Tradicional', '340g', 'molho_de_tomatebonare_tradicional340g.png'),
(661, 'Biscoito Cream Cracker', 'Ninfa', '400g', 'Naoencontrado.png'),
(662, 'Leite Condensado', 'Cemil', '395g', 'leite_condensadocemil395g.png'),
(663, 'Bebida Láctea', 'Canto De Minas', '540g', 'bebida_laacteacanto_de_minas540g.png'),
(664, 'Cerveja', 'Skol', '269ml', 'cervejaskol269ml.png'),
(665, 'Refrigerante', 'Coca-cola', '2,5lt', 'refrigerantecoca-cola25lt.png'),
(666, 'Feijão Carioca', 'Agrominas', '1kg', 'feijaao_cariocaagrominas1kg.png'),
(667, 'Arroz', 'Disempre', '5kg', 'arrozdisempre5kg.png'),
(668, 'Fralda Descartável', 'Baby', 'pct', 'Naoencontrado.png'),
(669, 'Óleo De Soja', 'Soya', '900ml', 'aOleo_de_sojasoya900ml.png'),
(670, 'Batatinha', '', 'kg', 'Naoencontrado.png'),
(671, 'Cane', 'Acém', 'kg', 'Naoencontrado.png'),
(672, 'Carne', 'Acém Bovino', 'kg', 'carneacaem_bovinokg.png'),
(673, 'Steak', 'Perdigão', '100g', 'steakperdigaao100g.png'),
(674, 'Refrescante Em Pó', 'Tang', '25g', 'refrescante_em_paotang25g.png'),
(675, 'Molho De Tomate', 'Predilecta', 'sachê 340g', 'molho_de_tomatepredilectasachae_340g.png'),
(676, 'Maçã', 'Nacional - Gala', 'kg', 'maacaanacional_-_galakg.png'),
(677, 'Uva', 'Niágara', 'Bandeja 500g', 'uvaniaagarabandeja_500g.png'),
(678, 'Azeitona', 'Faisão', '500g', 'naoencontrado.png'),
(679, 'Azeitona (verde)', 'Faisão', '500g', 'azeitona_verdefaisaao500g.png'),
(680, 'Açúcar', 'Cristal Quit', '5kg', 'naoencontrado.png'),
(681, 'Iogurte', 'Ninho', 'bdj. 500g', 'iogurteninhobdj._500g.png'),
(682, 'Leite De Coco', 'Du Coco', '200g', 'Naoencontrado.png'),
(683, 'Sardinha', 'Coqueiro (sabores)', '125g', 'sardinhacoqueiro_sabores125g.png'),
(684, 'Peixe File De Mapará', 'Freemar', '800g', 'naoencontrado.png'),
(685, 'Frango A Passarinho', 'Bonasa', '750g', 'frango_a_passarinhobonasa750g.png'),
(686, 'Sabonete', 'Nivea', '90g', 'sabonetenivea90g.png'),
(687, 'Papel Higiênico', 'Duetto', 'lv. 12 pg. 11', 'papel_higiaenicoduettolv._12_pg._11.png'),
(688, 'Fralda Descartável', 'Hipopó Baby', 'und', 'fralda_descartaavelhipopao_babyund.png'),
(689, 'Leite De Coco', 'Ducoco', '200g', 'leite_de_cocoducoco200g.png'),
(690, 'Refrigerante Guaraná', 'Antarctica', '3,3lt', 'refrigerante_guaranaaantarctica33lt.png'),
(691, 'Refrigerante', 'Guaraná Antarctica', '3,3lt', 'Naoencontrado.png'),
(692, 'Detergente Em Pó', 'Brilhante', 'sachê 2kg', 'detergente_em_paobrilhantesachae_2kg.png'),
(693, 'Azeite', 'Extra Virgem Do Chefe', '500ml', 'azeiteextra_virgem_do_chefe500ml.png'),
(694, 'Leite De Coco', 'Menina', '200ml', 'leite_de_cocomenina200ml.png'),
(695, 'Macarrão Espaguete', 'Emegê - Sêmola', '1kg', 'macarraao_espagueteemegae_-_saemola1kg.png'),
(696, 'Fralda Descartável', 'Jumbinho', 'pct', 'Naoencontrado.png'),
(697, 'Papel Higiênico', 'Personal - Folha Simples', 'lv. 16 pg. 15', 'papel_higiaenicopersonal_-_folha_simpleslv._16_pg._15.png'),
(698, 'Farinha De Trigo', 'Araguaia - Premium', '1kg', 'farinha_de_trigoaraguaia_-_premium1kg.png'),
(699, 'Pão De Queijo', '', 'kg', 'paao_de_queijokg.png'),
(700, 'Berinjela', '', 'kg', 'berinjelakg.png'),
(701, 'Banana', 'Maçã', 'kg', 'bananamaacaakg.png'),
(702, 'Carne', 'Músculo Bovino', 'kg', 'carnemausculo_bovinokg.png'),
(703, 'Caner', 'Suã Suíno', 'kg', 'Naoencontrado.png'),
(704, 'Sardinha', 'Caravelas', '800g', 'Naoencontrado.png'),
(705, 'Carne', 'Suã Suino', 'kg', 'carnesuaa_suinokg.png'),
(706, 'Fralda Descartável', 'Estrelinha', 'pct', 'fralda_descartaavelestrelinhapct.png'),
(707, 'Saco Para Lixo', '', '100lt', 'saco_para_lixo100lt.png'),
(708, 'Carne', 'Chambaril', 'kg', 'carnechambarilkg.png'),
(709, 'Carne', 'Acém Com Osso', 'kg', 'carneacaem_com_ossokg.png'),
(710, 'Peito', 'Bovino', 'kg', 'peitobovinokg.png'),
(711, 'Leite Integral', 'Tirol - Combo', '1lt', 'leite_integraltirol_-_combo1lt.png'),
(712, 'Coxa S. Coxa', 'Congelado', 'kg', 'coxa_s._coxacongeladokg.png'),
(713, 'Ovo', 'Lacta', '236g', 'ovolacta236g.png'),
(714, 'Pimentão', 'Verde', 'kg', 'pimentaaoverdekg.png'),
(715, 'Milho Verde', 'Fugini à Vapor', '200g', 'milho_verdefugini_aa_vapor200g.png'),
(716, 'Chocolate', 'Lacta Bis', '126g', 'chocolatelacta_bis126g.png'),
(717, 'Pão Hot Dog', 'Leão', 'kg', 'paao_hot_dogleaaokg.png'),
(718, 'Linguiça Suína', 'Seara', 'kg', 'linguiaca_suainasearakg.png'),
(719, 'Carne', 'Suína Com Toucinho', 'kg', 'carnesuaina_com_toucinhokg.png');
INSERT INTO `cad_produto` (`id_prod`, `nome`, `marca`, `descricao`, `foto`) VALUES
(720, 'Bacon', 'Prieto', 'kg', 'baconprietokg.png'),
(721, 'Presunto', 'Prieto', '100g', 'presuntoprieto100g.png'),
(722, 'Suco', 'Refreskant', '25g', 'sucorefreskant25g.png'),
(723, 'Suco Integral Uva Ou Maçã', 'Del Grano', '1,5lt', 'suco_integral_uva_ou_maacaadel_grano15lt.png'),
(724, 'Amaciante', 'Comfort Azul', '2lt', 'amaciantecomfort_azul2lt.png'),
(725, 'Feijão', 'Agrominas', '1kg', 'Naoencontrado.png'),
(726, 'Arroz', 'Caçarola Tp1', '5kg', 'arrozcaacarola_tp15kg.png'),
(727, 'Batata Doce', '', 'kg', 'Naoencontrado.png'),
(728, 'Papel Higiênico', 'Fancy - Folha Dupla', 'lv. 12 pg. 11', 'papel_higiaenicofancy_-_folha_duplalv_12.pg.11.png'),
(729, 'Pera', '', 'kg', 'naoencontrado.png'),
(730, 'Café', 'Do Sitio', '500g', 'naoencontrado.png'),
(731, 'Bolinho', 'Duo Bauducco', '38g', 'bolinhoduo_bauducco38g.png'),
(732, 'Refrigerante', 'Schin', '2lt', 'refrigeranteschin2lt.png'),
(733, 'Sabão Em Barra', 'Proeza', '1kg', 'sabaao_em_barraproeza1kg.png'),
(734, 'Inseticida', 'Sbp Leve', '300ml', 'inseticidasbp_leve300ml.png'),
(735, 'Inseticida', 'Sbp Leve', '450ml', 'Naoencontrado.png'),
(736, 'Biscoito Cream Cracker', 'Aymoré', '400g', 'Naoencontrado.png'),
(737, 'Açúcar Cristal', 'Pérola', '5kg', 'Naoencontrado.png'),
(738, 'Biscoito Cream Cracker', 'Ninfa', 'g', 'Naoencontrado.png'),
(739, 'Sabonete Original', 'Dove 90g', 'Acima de 6un. R$ 1.75 Cada', 'naoencontrado.png'),
(740, 'Bebida Láctea', 'Canto De Minas', 'g', 'Naoencontrado.png'),
(741, 'Pepino', 'Preto', 'kg', 'pepinopretokg.png'),
(742, 'Alface', '', 'und', 'alfaceund.png'),
(743, 'Cheiro', 'Verde', 'und', 'cheiroverdeund.png'),
(744, 'Peixe Mapará', 'Em Postas Caravelas', '800g', 'Naoencontrado.png'),
(745, 'Peixe Mapará', 'Caravelas - Em Postas', '800g', 'Naoencontrado.png'),
(746, 'Peixe Cubiu', 'Caravelas - Em Postas', '800g', 'Naoencontrado.png'),
(747, 'Peixe Tambaqui', 'Freco', 'kg', 'Naoencontrado.png'),
(748, 'Peixe Tambaqui', 'Fresco', 'kg', 'peixe_tambaquifrescokg.png'),
(749, 'Sardinha', 'Coqueiro', '125g', 'sardinhacoqueiro125g.png'),
(750, 'Carne', 'Capa De Contra Filé', 'kg', 'carnecapa_de_contra_filaekg.png'),
(751, 'Cerveja', 'Proibida', '269ml - cx 15und', 'cervejaproibida269ml_-_cx_15und.png'),
(752, 'Coxa E Sobrecoxa', '', 'kg', 'coxa_e_sobrecoxakg.png'),
(753, 'Amaciante', 'Baby Soft', '2lt', 'amaciantebaby_soft2lt.png'),
(754, 'Feijão Carioca', 'Mestre Cuca', '1kg', 'feijaao_cariocamestre_cuca1kg.png'),
(755, 'Ceveja', 'Itaipava', '269ml', 'cevejaitaipava269ml.png'),
(756, 'Ovo De Páscoa', 'Lacta', '196g', 'ovo_de_paascoalacta196g.png'),
(757, 'Peixe Piramutaba', 'Freemar - Em Postas', '800g', 'Naoencontrado.png'),
(758, 'Steak De Frango', 'Rezende', '100g', 'Naoencontrado.png'),
(759, 'Bebida Láctea', 'Pulsi', '540g', 'naoencontrado.png'),
(760, 'Biscoito Cream Cracker', 'Mabel', '400g', 'biscoito_cream_crackermabel400g.png'),
(761, 'Biscoito Maisena', 'Mabel', '400g', 'biscoito_maisenamabel400g.png'),
(762, 'Biscoito Água E Sal', 'Mabel', '400g', 'biscoito_aAgua_e_salmabel400g.png'),
(763, 'Macarrão Espaguete', 'Adoralle - Sêmola', '500g', 'macarraao_espagueteadoralle_-_saemola500g.png'),
(764, 'Azeitona Com Caroço', 'Del Chef', '500g', 'Naoencontrado.png'),
(765, 'Água Sanitária', 'Candura', '2lt', 'aAgua_sanitaariacandura2lt.png'),
(766, 'Jarra Vidro', 'Civ Ice - Branca', '750ml', 'naoencontrado.png'),
(767, 'Uva Sem Semente', 'Crinson', '500g', 'uva_sem_sementecrinson500g.png'),
(768, 'Kiwi', '', '600g', 'Naoencontrado.png'),
(769, 'Pão De Queijo', 'Leão', 'kg', 'paao_de_queijoleaaokg.png'),
(770, 'Chocolate', 'Arcor', '120g', 'chocolatearcor120g.png'),
(771, 'Tartaruguita', '', '100g', 'naoencontrado.png'),
(772, 'Tortuguita', '', '100g', 'tortuguita100g.png'),
(773, 'Sabão Em Barra', 'Qualy', '500g', 'Naoencontrado.png'),
(774, 'Feijão Carioca', 'Pérola', '1kg', 'Naoencontrado.png'),
(775, 'Inseticida', 'Sbp', '450ml', 'naoencontrado.png'),
(776, 'Cerveja', 'Proibida', 'Cx 15Und 269ml', 'cervejaproibidacx_15und_269ml.png'),
(777, 'Pimentão', '', 'kg', 'pimentaaokg.png'),
(778, 'Uva', 'Benetaka', 'bdj. 500g', 'uvabenetakabdj._500g.png'),
(779, 'Uva', 'Itália', 'bdj. 500g', 'uvaitaaliabdj._500g.png'),
(780, 'Mexerica', '', 'kg', 'Naoencontrado.png'),
(781, 'Quiabo', '', 'kg', 'Naoencontrado.png'),
(782, 'Frango', 'Coxa E Sobrecoxa', 'kg', 'Naoencontrado.png'),
(783, 'Papel Higiênico', 'Sublime', 'lv,12 pg.11 30mts', 'naoencontrado.png'),
(784, 'Papel Higiênico', 'Sublime', 'lv.12 pg.11 30mts', 'Naoencontrado.png'),
(785, 'Hambúrguer', 'Novilho Nobre', '56g', 'naoencontrado.png'),
(786, 'Poupa', 'Luce', '540g', 'naoencontrado.png'),
(787, 'Batata Palito', 'Ecofries', '2kg', 'naoencontrado.png'),
(788, 'Sabão Em Barra', 'Proeza', '1kg', 'sabaao_em_barraproeza1kg.png'),
(789, 'Refrigerante', 'Indaiá', '2lt', 'refrigeranteindaiaa2lt.png'),
(790, 'Arroz', 'Caçarola Tp1', '5kg', 'arrozcaacarola_tp15kg.png'),
(791, 'Mocoto', 'Bovino', 'kg', 'naoencontrado.png'),
(792, 'Pepino', '', 'kg', 'pepinokg.png'),
(793, 'Ceveja', 'Proibida', '269ml - cx 15und', 'naoencontrado.png'),
(794, 'Bolinho', 'Bauducco', '38g', 'bolinhobauducco38g.png'),
(795, 'Frango', 'Resfriado', 'kg', 'frangoresfriadokg.png'),
(796, 'Frango', 'Sadia', 'kg', 'Naoencontrado.png'),
(797, 'Peixe', 'Cubiu', 'kg', 'Naoencontrado.png'),
(798, 'Cupim', 'Bovino', 'kg', 'Naoencontrado.png'),
(799, 'Figado', 'Bovina', 'kg', 'Naoencontrado.png'),
(800, 'Carne', 'Com Osso', 'kg', 'naoencontrado.png'),
(801, 'Linguiça Toscana', 'Noronha', 'kg', 'Naoencontrado.png'),
(802, 'Detergente Liquido', 'Limpol', '500ml', 'Naoencontrado.png'),
(803, 'Macarrão Espaguete', 'Adria - Sêmola', '1kg', 'Naoencontrado.png'),
(804, 'Linguiça Suína', 'Noronha', 'kg', 'naoencontrado.png'),
(805, 'Hambúrguer', 'Seara - Texas', '56g', 'naoencontrado.png'),
(806, 'Presunto', 'Peperi', 'kg', 'naoencontrado.png'),
(807, 'Azeite De Oliva', 'Extra Virgem Quinta Da Boa Vista', '500ml', 'naoencontrado.png'),
(808, 'Papel Toalha', 'Damapel', 'pct 2x1', 'naoencontrado.png'),
(809, 'Refresco Em Pó', 'Tang', 'sachê 25g', 'naoencontrado.png'),
(810, 'Suco De Uva Integral', 'Aliança', '1lt', 'naoencontrado.png'),
(811, 'Pão De Leite', 'Leão', 'kg', 'naoencontrado.png'),
(812, 'Bolo', 'Leão', 'kg', 'naoencontrado.png'),
(813, 'Mexerica', 'Pokan', 'kg', 'mexericapokankg.png'),
(814, 'Mamão', 'Papaya', 'kg', 'naoencontrado.png'),
(815, 'Laranja', 'Pêra', 'kg', 'laranjapaerakg.png'),
(816, 'Macarrão Espaguete', 'Emegê - Sêmola', '500g', 'Naoencontrado.png'),
(817, 'Macarrão Espaguete', 'Emegê', '500g', 'Naoencontrado.png'),
(818, 'Sabonete', 'Flor De Ype - Suave', '90g', 'naoencontrado.png'),
(819, 'Limpador', 'Multiuso Smart', '550ml', 'naoencontrado.png'),
(820, 'Feijão', 'Tio Adal', '1kg', 'naoencontrado.png'),
(821, 'Salsicha Com Urucum', 'Nobre', 'kg', 'naoencontrado.png'),
(822, 'Milho Verde', 'Predilecta', '400g', 'naoencontrado.png'),
(823, 'Extrato De Tomate', 'Elefante', '340g', 'extrato_de_tomateelefante340g.png'),
(824, 'Flocão De Milho', 'Ubom', '500g', 'naoencontrado.png'),
(825, 'Milho Verde', 'Predilecta', '200g', 'milho_verdepredilecta200g.png'),
(826, 'Macarrão', 'Cristal', '500g', 'naoencontrado.png'),
(827, 'Creme De Leite', 'Marajoara', '200g', 'naoencontrado.png'),
(828, 'Achocolatado', 'Moloko', '400g', 'naoencontrado.png'),
(829, 'Rosquinha Coco', 'Rancheiro', '800g', 'naoencontrado.png'),
(830, 'Biscoito', 'Trigolino', '400g', 'naoencontrado.png'),
(831, 'Refresco Em Pó', 'Refreskant', '25g', 'refresco_em_paorefreskant25g.png'),
(832, 'Achocolatado', 'Mococa', '200ml', 'naoencontrado.png'),
(833, 'Bebida Láctea', 'Luce', '540g', 'naoencontrado.png'),
(834, 'Petit Suisse Morango', 'Luce', '270g', 'naoencontrado.png'),
(835, 'Margarina', 'Delicia', '500g', 'margarinadelicia500g.png'),
(836, 'Salsicha Hot Dog', 'Copacol', 'kg', 'naoencontrado.png'),
(837, 'Sabão Em Pó', 'Brilhante', '1kg', 'naoencontrado.png'),
(838, 'Papel Higiênico', 'Fancy - Folha Dupla', 'Leve 12Un e Pg.11', 'naoencontrado.png'),
(839, 'Papel Higiênico', 'Fancy - Folha Dupla', 'Leve 12 Und e Pg.11Und', 'Naoencontrado.png'),
(840, 'Desinfetante', 'Politriz', '1.75ml', 'naoencontrado.png'),
(841, 'Limão', '', 'kg', 'limaaokg.png'),
(842, 'Molho De Tomate', 'Bonare', '340g', 'naoencontrado.png'),
(843, 'Feijão', 'Pérola', '1kg', 'Naoencontrado.png'),
(844, 'Coxão', 'Mole', 'kg', 'Naoencontrado.png'),
(845, 'Músculo', 'Bovino', 'kg', 'Naoencontrado.png'),
(846, 'Mapará', 'Em Postas', '800g', 'Naoencontrado.png'),
(847, 'Peixe Mapará', 'Em Postas', '800g', 'Naoencontrado.png'),
(848, 'Arroz', 'Bom Na Mesa', '5kg', 'arrozbom_na_mesa5kg.png'),
(849, 'Feijão Carioca', 'Guará', '1kg', 'Naoencontrado.png'),
(850, 'Coxa E Sobrecoxa', 'Aurora', 'kg', 'coxa_e_sobrecoxaaurorakg.png'),
(851, 'Asa De Frango', 'Bonasa', 'kg', 'asa_de_frangobonasakg.png'),
(852, 'Achocolatado Em Pó', 'Nescau', 'sachê 800g', 'achocolatado_em_paonescausachae_800g.png'),
(853, 'Biscoito', 'Pit Stop', '162g', 'biscoitopit_stop162g.png'),
(854, 'Rosquinha De Coco', 'Fortaleza', '800g', 'rosquinha_de_cocofortaleza800g.png'),
(855, 'Creme De Leite', 'Quatá', '200g', 'creme_de_leitequataa200g.png'),
(856, 'Creme Dental', 'Sorriso - Xtreme White 4d', '90g', 'creme_dentalsorriso_-_xtreme_white_4d90g.png'),
(857, 'Sabão Em Barra', 'Minuano - Glicerinado', 'pct 5x1', 'sabaao_em_barraminuano_-_glicerinadopct_5x1.png'),
(858, 'Sabonete', 'Rexona - Suave', '90g', 'saboneterexona_-_suave90g.png'),
(859, 'Suco', 'Da Fruta - Caju', '500ml', 'sucoda_fruta_-_caju500ml.png'),
(860, 'Bebida Mista', 'Guaramix Power Premium', '500ml', 'bebida_mistaguaramix_power_premium500ml.png'),
(861, 'Maçã', 'Nacional - Perboni', '1kg', 'maacaanacional_-_perboni1kg.png'),
(862, 'Kiwi', '', 'bdj. 600g', 'kiwibdj._600g.png'),
(863, 'Pão De Forma', 'Leão', 'kg', 'naoencontrado.png'),
(864, 'Rosca Doce', 'Leão', 'kg', 'naoencontrado.png'),
(865, 'Biscoito De Queijo', 'Leão', 'kg', 'naoencontrado.png'),
(866, 'Prato', 'Nadir - Cristal Temperado', 'und', 'naoencontrado.png'),
(867, 'Mandioca', 'Congelada', 'kg', 'mandiocacongeladakg.png'),
(868, 'Goiaba', '', 'kg', 'goiabakg.png'),
(869, 'Caqui', '', 'kg', 'naoencontrado.png'),
(870, 'Café', 'Luziânia', '250g', 'Naoencontrado.png'),
(871, 'Açúcar Cristal', 'Mais', '5kg', 'Naoencontrado.png'),
(872, 'Linguiça Calabresa', 'Bonasa', 'kg', 'Naoencontrado.png'),
(873, 'Salsicha Hot Dog', 'Aurora', 'kg', 'Naoencontrado.png'),
(874, 'Bebida Láctea', 'Pulsi', '180g', 'Naoencontrado.png'),
(875, 'Queijo Mussarela', 'Italac', 'kg', 'naoencontrado.png'),
(876, 'Presunto Cozido', 'Peperi', 'kg', 'naoencontrado.png'),
(877, 'Creme De Leite', 'Italac', '200g', 'creme_de_leiteitalac200g.png'),
(878, 'Cereal Sucrilhos', 'Kellogg\\''s (tradicional)', '300g', 'Naoencontrado.png'),
(879, 'Cereal Sucrilhos', 'Kellogg\\''s (tradicional)', '300g', 'Naoencontrado.png'),
(880, 'Cereal Sucrilhos', 'Kelloggs (tradicional)', '300g', 'Naoencontrado.png'),
(881, 'Amaciante', 'Klip', '2lt', 'naoencontrado.png'),
(882, 'Escova Dental', 'Sorriso - Original Macial', 'und', 'Naoencontrado.png'),
(883, 'Suco De Uva (integral)', 'Campo Largo', '1lt', 'Naoencontrado.png'),
(884, 'Vinho', 'Miracolo', '750ml', 'Naoencontrado.png'),
(885, 'Banana', 'Nanica', '1.98', 'naoencontrado.png'),
(886, 'Uva', 'Crinson - Sem Semente', 'bdj. 500g', 'naoencontrado.png'),
(887, 'Melão', 'Rei', 'kg', 'naoencontrado.png'),
(888, 'Salgado', 'Pequeno', 'kg', 'Naoencontrado.png'),
(889, 'Ração', 'Pedigree', '85g', 'Naoencontrado.png'),
(890, 'Ração', 'Whiskas', '100g', 'naoencontrado.png'),
(891, 'Assadeira', 'Marinex', '5,3lt', 'naoencontrado.png'),
(892, 'Copo', 'Civ', '6x1', 'naoencontrado.png'),
(893, 'Garrafa Térmica', 'Mudial - 750ml', 'und', 'naoencontrado.png'),
(894, 'Desodorante', 'Rexona', '150ml', 'naoencontrado.png'),
(895, 'Macarrão De Sêmola Espaguete', 'Emegê', '500g', 'macarraao_de_saemola_espagueteemegae500g.png'),
(896, 'Cerveja', 'Skol Profissa', '300ml', 'Naoencontrado.png'),
(897, 'Cerveja Retornável', 'Skol', '300ml', 'Naoencontrado.png'),
(898, 'Óleo De Soja', 'Soya', '500ml', 'Naoencontrado.png'),
(899, 'Macarrão', 'Emegê - Sêmola', '500g', 'Naoencontrado.png'),
(900, 'Papel Higiênico', 'Personal', '15 und', 'Naoencontrado.png'),
(901, 'Café', 'Assum Preto', '500g', 'cafaeassum_preto500g.png'),
(902, 'Papel Higiênico', 'Personal', 'pct 16und', 'papel_higiaenicopersonalpct_16und.png'),
(903, 'Café', 'Luziânia', '500g  (Combo)', 'Naoencontrado.png'),
(904, 'Rosquinha', 'Rancheiro', '800g', 'Naoencontrado.png'),
(905, 'Biscoito Rosquinha', 'Rancheiro', '800g', 'biscoito_rosquinharancheiro800g.png'),
(906, 'Molho De Tomate', 'Quero', 'sachê 340g', 'molho_de_tomatequerosachae_340g.png'),
(907, 'Molho De Tomate', 'Quero', 'sachê 340g', 'molho_de_tomatequerosachae_340g.png'),
(908, 'Melão', 'Pele De Sapo', 'kg', 'melaaopele_de_sapokg.png'),
(909, 'Milho Verde', 'Bandeja', 'Und', 'milho_verdebandejaund.png'),
(910, 'Pão Hot Dog', '', 'kg', 'Naoencontrado.png'),
(911, 'Pão', 'De Forma', 'kg', 'paaode_formakg.png'),
(912, 'Batata Palito', 'Boija', '2kg', 'naoencontrado.png'),
(913, 'Batata Palito', 'Boua', '2kg', 'Naoencontrado.png'),
(914, 'Empanados', 'Tekitos', '300g', 'empanadostekitos300g.png'),
(915, 'Steak', 'Seara', '100g', 'Naoencontrado.png'),
(916, 'Requeijão', 'Nestlé', '200g', 'Naoencontrado.png'),
(917, 'Requeijão Cremoso', 'Nestlé', '200g', 'Naoencontrado.png'),
(918, 'Tapioca', 'Pacote', '500g', 'naoencontrado.png'),
(919, 'Flocão Milho', 'Kicaldo', '500g', 'naoencontrado.png'),
(920, 'Cereal', 'Sucrilhos', '300g', 'cerealsucrilhos300g.png'),
(921, 'Cotonete', 'Johnson', '75und', 'Naoencontrado.png'),
(922, 'Cotonetes', 'Johnson', '75und', 'Naoencontrado.png'),
(923, 'Cotonetes', 'Johnson', '75 Und.', 'Naoencontrado.png'),
(924, 'Amaciante', 'Uselimp', '2lt', 'Naoencontrado.png'),
(925, 'Desinfetante', 'Politriz', '1.75lt', 'Naoencontrado.png'),
(926, 'Odorizador', 'Glade', '305g', 'odorizadorglade305g.jpg'),
(927, 'Papel Toalha', 'Mili', 'pct 2x1', 'papel_toalhamilipct_2x1.png'),
(928, 'Pepino', 'Japonês', 'kg', 'pepinojaponaeskg.png'),
(929, 'Limpador', 'Uau', '500ml', 'naoencontrado.png'),
(930, 'Refrigerante', 'Coca-cola', '2.5lt', 'Naoencontrado.png'),
(931, 'Tapioca', 'Akio', '500g', 'tapiocaakio500g.png'),
(932, 'Milho', 'Verde', 'bdj', 'milhoverdebdj.png'),
(933, 'Bebida Láctea', 'Luce', 'bd', 'Naoencontrado.png'),
(934, 'Cotonetes', 'Johnson', 'lv. 75 pg. 60', 'cotonetesjohnsonlv._75_pg._60.jpg'),
(935, 'Desinfetante', 'Politriz', '1,75lt', 'Naoencontrado.png'),
(936, 'Frango', 'Super Frango', 'kg', 'Naoencontrado.png'),
(937, 'Carne', 'Peito Bovino', 'kg', 'carnepeito_bovinokg.png'),
(938, 'Carne', 'Patinho Bovino', 'kg', 'naoencontrado.png'),
(939, 'Carne', 'Chambaril', 'kg', 'naoencontrado.png'),
(940, 'Arroz', 'Caçarola', '5kg', 'naoencontrado.png'),
(941, 'Arroz', 'Da Mamãe', '5kg', 'naoencontrado.png'),
(942, 'Leite', 'Tirol', '1lt', 'Naoencontrado.png'),
(943, 'Leite', 'Tirol - Combo', '1lt', 'Naoencontrado.png'),
(944, 'Açucar', 'Imperial', '5kg', 'Naoencontrado.png'),
(945, 'Laranja', '', 'kg', 'Naoencontrado.png'),
(946, 'Manga', 'Tommy', 'kg', 'Naoencontrado.png'),
(947, 'Steak (frango)', 'Rezende', '100g', 'steak_frangorezende100g.png'),
(948, 'Refresco Em Pó', 'Tang', '25g', 'Naoencontrado.png'),
(949, 'Pizza', 'Leão', 'kg', 'Naoencontrado.png'),
(950, 'Sabão Liquido', 'Ariel', '630ml', 'Naoencontrado.png'),
(951, 'Sabão Em Barra', 'Oeste (glicerinado)', 'Pacote 5x1', 'Naoencontrado.png'),
(952, 'Absorvente', 'Sempre Livre', 'Pct 6x1', 'Naoencontrado.png'),
(953, 'Ração', 'Pedigree', 'Sache 100g /85g', 'naoencontrado.png'),
(954, 'Leite Em Pó', 'Itambé', '400g', 'naoencontrado.png'),
(955, 'Mistura P/ Bolo', 'Sandella', '400', 'naoencontrado.png'),
(956, 'Queijo Mussarela', '', '100g', 'naoencontrado.png'),
(957, 'Poupa', 'Luci', '540g', 'naoencontrado.png'),
(958, 'Carne', 'Bisteca Suína', 'kg', 'carnebisteca_suainakg.png'),
(959, 'Linguiça De Frango', 'Copacol', 'kg', 'linguiaca_de_frangocopacolkg.png'),
(960, 'Açúcar Cristal', 'Imperial', '5kg', 'Naoencontrado.png'),
(961, 'Amendoím Torrado E Moído', 'Pachá', '500g', 'amendoaim_torrado_e_moaidopachaa500g.png'),
(962, 'Leite Em Pó', 'Smart', '400g', 'leite_em_paosmart400g.png'),
(963, 'Leite Integral', 'Nilza', '1lt', 'leite_integralnilza1lt.png'),
(964, 'Achocolatado', 'Nescau', '400g', 'naoencontrado.png'),
(965, 'Cerveja', 'Antarctica Original', '269ml', 'naoencontrado.png'),
(966, 'Desinfetante', 'Smart', '2lt', 'Naoencontrado.png'),
(967, 'Detergente Liquido', 'Ypê', '500ml', 'detergente_liquidoypae500ml.png'),
(968, 'Detergente Em Pó', 'Brilhante', '1,7kg', 'detergente_em_paobrilhante17kg.png'),
(969, 'Creme Dental', 'Sorriso', '180g', 'naoencontrado.png'),
(970, 'Café', 'Três Corações', 'Almofada 500g', 'cafaetraes_coraacaoesalmofada_500g.png'),
(971, 'Pepel Higiênico', 'Dama', 'lv. 12 pg. 11 30mts', 'Naoencontrado.png'),
(972, 'Salsicha Hot Dog', 'Perdigão', 'kg', 'Naoencontrado.png'),
(973, 'Batata Congelada', 'Copacol', '2kg', 'Naoencontrado.png'),
(974, 'Molho De Tomate', 'Fugini', '340g', 'Naoencontrado.png'),
(975, 'Achocolatado Em Pó', 'Nescau', '800g', 'Naoencontrado.png'),
(976, 'Achocolatado', 'Nescau', '800g', 'Naoencontrado.png'),
(977, 'Achocolatado Em Pó', 'Nescau 2.0', '800g', 'Naoencontrado.png'),
(978, 'Amaciante Concentrado', 'Downy', '500ml', 'amaciante_concentradodowny500ml.png'),
(979, 'Limpador Multiuso', 'Uau', '500ml', 'limpador_multiusouau500ml.png'),
(980, 'Creme Dental', 'Sorriso - Tripla Limpeza Completa', '70g', 'Naoencontrado.png'),
(981, 'Refrigerante', 'Coca-cola', '1,5lt', 'Naoencontrado.png'),
(982, 'Refrigerante', 'Coca Cola', '1,5lt', 'Naoencontrado.png'),
(983, 'Suco', 'Del Grano', '1,5lt', 'Naoencontrado.png'),
(984, 'Vinho', 'Del Grano - Gold', '750ml', 'Naoencontrado.png'),
(985, 'Coco', 'Verde', 'kg', 'Naoencontrado.png'),
(986, 'Melão', 'Redinha', 'kg', 'Naoencontrado.png'),
(987, 'Pimentão', 'Amarelo E Vermelho', 'kg', 'Naoencontrado.png'),
(988, 'Alho A Ranel', '', '', 'naoencontrado.png'),
(989, 'Alho A Granel', '', '100g', 'naoencontrado.png'),
(990, 'Torta Confeitada', '', 'kg', 'Naoencontrado.png'),
(991, 'Cerveja', 'Antarctica Sub-zero 269', '269ml', 'Naoencontrado.png'),
(992, 'Detergente Em Pó', 'Brilhante', '1.7kg', 'Naoencontrado.png'),
(993, 'Biscoito Cream Cracker', 'Hiléia', '400g', 'naoencontrado.png'),
(994, 'Detergente Em Pó', 'Omo - Multiação', '1kg', 'naoencontrado.png'),
(995, 'Macarrão Espaguete', 'Pagnello', '500g', 'Naoencontrado.png'),
(996, 'Carne', 'Costela Do Peito', 'kg', 'carnecostela_do_peitokg.png'),
(997, 'Costela', 'Ponta Agulha', 'kg', 'Naoencontrado.png'),
(998, 'Arroz', 'Pamparra', '5kg', 'Naoencontrado.png'),
(999, 'Desodorante Aerosol', 'Suave', '96g', 'naoencontrado.png'),
(1000, 'Detergente Em Pó', 'Brilhante', '2kg', 'detergente_em_paobrilhante2kg.png'),
(1001, 'Biscoito Cream Cracker', 'Vitarella', '400g', 'biscoito_cream_crackervitarella400g.png'),
(1002, 'Frango Resfriado', 'Gm - Combo', 'kg', 'frango_resfriadogm_-_combokg.png'),
(1003, 'Lã De Aço', 'Bombril', '60g', 'laa_de_aacobombril60g.png'),
(1004, 'Sabão Em Barra', 'Minuano - Glicerinado', '1kg', 'sabaao_em_barraminuano_-_glicerinado1kg.png'),
(1005, 'Azeite De Oliva - Extra Virge', 'Quinta Da Boa Vista', '500ml', 'Naoencontrado.png'),
(1006, 'Azeite De Oliva - Extra Virgem', 'Quinta Da Boa Vista', '500ml', 'azeite_de_oliva_-_extra_virgemquinta_da_boa_vista500ml.png'),
(1007, 'Azeitona Verde', 'Faisão', '500g', 'azeitona_verdefaisaao500g.png'),
(1008, 'Flocão De Milho', 'Kicaldo', '500g', 'Naoencontrado.png'),
(1009, 'Gengibre', '', 'kg', 'gengibrekg.png'),
(1010, 'Salgado', 'Frito', 'kg', 'Naoencontrado.png'),
(1011, 'Petit Suisse', 'Lucinho', '270g', 'Naoencontrado.png'),
(1012, 'Margarina', 'Doriana - Com Sal', '500g', 'margarinadoriana_-_com_sal500g.png'),
(1013, 'Linguiça Calabresa', 'Perdigão', 'kg', 'linguiaca_calabresaperdigaaokg.png'),
(1014, 'Abacaxi', '', 'Unid', 'Naoencontrado.png'),
(1015, 'Pokan', '', 'kg', 'naoencontrado.png'),
(1016, 'Uva', 'Benitaka', 'Bdj 500g', 'naoencontrado.png'),
(1017, 'Uva', 'Itália', 'Bdj 500g', 'naoencontrado.png'),
(1018, 'Mandioca', 'Pai E Filho', '1kg', 'naoencontrado.png'),
(1019, 'Azeitona Verde Com Caroço', 'La Violetera', '500g', 'Naoencontrado.png'),
(1020, 'Costelinha', 'Suína', 'kg', 'costelinhasuainakg.png'),
(1021, 'Salsicha Hot Dog', '', 'kg', 'salsicha_hot_dogkg.png'),
(1022, 'Milho De Canjica', 'Pachá - Branca', '500g', 'milho_de_canjicapachaa_-_branca500g.png'),
(1023, 'Milho De Pipoca', 'Pachá', '500g', 'milho_de_pipocapachaa500g.png'),
(1024, 'Milho Verde', 'Fugini à Vapor', '200ml', 'naoencontrado.png'),
(1025, 'Papel Higiênico', 'Mili Dual - Folha Dupla', 'pct 12und', 'Naoencontrado.png'),
(1026, 'Refresco', 'Fresh', '10g', 'Naoencontrado.png'),
(1027, 'Esponja Multiuso', 'Tinindo', 'pct 4und', 'Naoencontrado.png'),
(1028, 'Limpador Perfumado', 'Uau', '500ml', 'Naoencontrado.png'),
(1029, 'Vassoura', 'Condor V9', 'und', 'naoencontrado.png'),
(1030, 'Hidratante', 'Nívea', '400g', 'naoencontrado.png'),
(1031, 'Linguiça De Frango', 'Copacol - Fina Congelada', '1kg', 'Naoencontrado.png'),
(1032, 'Presunto', 'Rezende', '100g', 'naoencontrado.png'),
(1033, 'Leite Fermentado', 'Chamyto', '450g', 'Naoencontrado.png'),
(1034, 'Milho Verde', 'Fugini', '200ml', 'Naoencontrado.png'),
(1035, 'Salsicha', 'Hot Dog', 'kg', 'Naoencontrado.png'),
(1036, 'Laraja', '', 'kg', 'Naoencontrado.png'),
(1037, 'Salsicha Hot Dog', 'Friatto', 'kg', 'naoencontrado.png'),
(1038, 'Presunto', 'Palmali', 'kg', 'naoencontrado.png'),
(1039, 'Steak De Frango', 'Perdigão', '100g', 'Naoencontrado.png'),
(1040, 'Coxinha', 'Super Frango', 'Bdj', 'Naoencontrado.png'),
(1041, 'Leite Condensado', 'Marajoara', '100g', 'Naoencontrado.png'),
(1042, 'Achocolatado', 'Toddy', '700g', 'Naoencontrado.png'),
(1043, 'Milho De Canjica', 'Pachá', '500g', 'Naoencontrado.png'),
(1044, 'Macarrão Espaguete', 'Emegê - Sêmola', '1kg', 'macarraao_espagueteemegae_-_saemola1kg.png'),
(1045, 'Bisteca', 'Suína', 'kg', 'naoencontrado.png'),
(1046, 'Limpador Multiuso', 'Smart', '550ml', 'naoencontrado.png'),
(1047, 'Sabão Em Pó', 'Brilhante', '1,7kg', 'sabaao_em_paobrilhante17kg.png'),
(1048, 'Linguiça De Frango', 'Granta', 'kg', 'Naoencontrado.png'),
(1049, 'Linguiça Calabresa', 'Granta', 'kg', 'Naoencontrado.png'),
(1050, 'Açucar Cristal', 'Canaã', '5kg', 'Naoencontrado.png'),
(1051, 'Desodorante', 'Suave', '96g', 'naoencontrado.png'),
(1052, 'Carne Suína', '', 'kg', 'Naoencontrado.png'),
(1053, 'Frango Resfriado', '', 'kg', 'Naoencontrado.png'),
(1054, 'Cerveja', 'Proibida', '269ml', 'Naoencontrado.png'),
(1055, 'Flocão De Milho', 'Bianco', '500g', 'naoencontrado.png'),
(1056, 'Macarrão Sêmola', 'Araguaia', '500g', 'naoencontrado.png'),
(1057, 'Sabonete', 'Ypê', '90g', 'naoencontrado.png'),
(1058, 'Macarrão Instantâneo', 'Smart', '80g', 'naoencontrado.png');

-- --------------------------------------------------------

--
-- Estrutura para tabela `cad_prod_categoria`
--

CREATE TABLE IF NOT EXISTS `cad_prod_categoria` (
  `id_prodcat` int(11) NOT NULL,
  `cat_produto` varchar(60) DEFAULT NULL,
  `id_cat` int(11) DEFAULT NULL
) ENGINE=MyISAM AUTO_INCREMENT=937 DEFAULT CHARSET=latin1;

--
-- Fazendo dump de dados para tabela `cad_prod_categoria`
--

INSERT INTO `cad_prod_categoria` (`id_prodcat`, `cat_produto`, `id_cat`) VALUES
(1, 'Arroz', 1),
(2, 'Arroz Integral', 1),
(3, 'Atomatados', 1),
(4, 'Atum em Lata', 1),
(5, 'Azeite', 1),
(6, 'Azeitona em Conserva', 1),
(7, 'Café Torrado e Moído', 1),
(8, 'Cafés', 1),
(9, 'Caldo em Pó', 1),
(10, 'Caldo em Tablete', 1),
(11, 'Caldos', 1),
(12, 'Catchup', 1),
(13, 'Farinha de Trigo', 1),
(14, 'Farofa Pronta Temperada', 1),
(15, 'Feijão', 1),
(16, 'Macarrão', 1),
(17, 'Macarrão Instantâneo', 1),
(18, 'Maionese', 1),
(19, 'Massa sem Glúten', 1),
(20, 'Milho de Pipoca para Microondas', 1),
(21, 'Milho Verde em Conserva', 1),
(22, 'Molho de Pimenta', 1),
(23, 'Molho de Soja', 1),
(24, 'Molho de Tomate', 1),
(25, 'Molho Pronto para Salada', 1),
(26, 'Mostarda', 1),
(27, 'Óleo de Soja', 1),
(28, 'Óleos', 1),
(29, 'Óleos Especiais', 1),
(30, 'Palmito em Conserva', 1),
(31, 'Sardinha em Lata', 1),
(32, 'Sopa em Envelope', 1),
(33, 'Sopa Instantânea', 1),
(34, 'Sopas', 1),
(35, 'Tempero Pronto em Pasta', 1),
(36, 'Tempero Pronto em Pó', 1),
(37, 'Temperos', 1),
(38, 'Vinagre', 1),
(39, 'Bala', 2),
(40, 'Balas', 2),
(41, 'Biscoito', 2),
(42, 'Cream Craker', 2),
(43, 'Biscoito Integral', 2),
(44, 'Biscoito Recheado', 2),
(45, 'Biscoito Waffer', 2),
(46, 'Bombom', 2),
(47, 'Cereal em Barra ', 2),
(48, 'Cereja em Calda', 2),
(49, 'Chocolate em Tablete', 2),
(50, 'Cookies Integrais ', 2),
(51, 'Gelatina em Pó', 2),
(52, 'Goma de Mascar', 2),
(53, 'Leite Condensado', 2),
(54, 'Mistura para Bolo', 2),
(55, 'Panetone', 2),
(56, 'Produtos sem glúten', 2),
(57, 'Salgadinho ', 2),
(58, 'Achocolatado', 3),
(59, 'Adoçante', 3),
(60, 'Bolo Industrializado', 3),
(61, 'Café Capuccino', 3),
(62, 'Cereais', 3),
(63, 'Cereal Matinal', 3),
(64, 'Leite em Pó', 3),
(65, 'Pão de Forma', 3),
(66, 'Cream Cheese', 4),
(67, 'Iogurte', 4),
(68, 'Iogurte Grego', 4),
(69, 'Iogurte sem Lactose', 4),
(70, 'Lácteos Resfriados', 4),
(71, 'Leite Fermentado', 4),
(72, 'Manteiga', 4),
(73, 'Queijo', 4),
(74, 'Queijo Ralado', 4),
(75, 'Requeijão', 4),
(76, 'Batata Congelada', 5),
(77, 'Frango Resfriado', 5),
(78, 'Frango Congelado', 5),
(79, 'Linguiça Embalada', 5),
(80, 'Mortadela', 5),
(81, 'Pão de Queijo Congelado', 5),
(82, 'Prato Pronto Congelado', 5),
(83, 'Sorvete', 5),
(84, 'Água de Coco', 6),
(85, 'Água Mineral', 6),
(86, 'Energético', 6),
(87, 'Chá', 6),
(88, 'Refresco em Pó', 6),
(89, 'Refrigerante', 6),
(90, 'Suco', 6),
(91, 'Suco Integral ', 6),
(92, 'Aguardente ', 7),
(93, 'Ice', 7),
(94, 'Cerveja', 7),
(95, 'Espumante', 7),
(96, 'Sidra', 7),
(97, 'Vinho', 7),
(98, 'Absorvente', 8),
(99, 'Antisséptico', 8),
(100, 'Aparelho de barbear', 8),
(101, 'Coloração para Cabelo', 8),
(102, 'Condicionador', 8),
(103, 'Creme Dental', 8),
(104, 'Creme', 8),
(105, 'Desodorante', 8),
(106, 'Escova', 8),
(107, 'Esmalte', 8),
(108, 'Fio Dental', 8),
(109, 'Loção', 8),
(110, 'Preservativo Masculino', 8),
(111, 'Protetor Solar', 8),
(112, 'Escova', 8),
(113, 'Sabonete', 8),
(114, 'Shampoo', 8),
(115, 'Talco', 8),
(116, 'Água Sanitária', 9),
(117, 'Alvejante', 9),
(118, 'Cera', 9),
(119, 'Concentrado', 9),
(120, 'Desinfetante', 9),
(121, 'Desodorizador', 9),
(122, 'Creme', 9),
(725, 'Ração', 11),
(124, 'Detergente', 9),
(125, 'Esponja', 9),
(126, 'Inseticida ', 9),
(127, 'Odorizador', 9),
(128, 'Pano de Limpeza', 9),
(129, 'Sabão em Barra', 9),
(130, 'Papel Filme', 10),
(131, 'Fralda Descartável', 10),
(132, 'Fralda Geriátrica ', 10),
(133, 'Guardanapo', 10),
(134, 'Papel Alumínio', 10),
(135, 'Papel Higiênico', 10),
(136, 'Papel Toalha', 10),
(137, 'Ração', 11),
(138, 'Eletroportáteis', 11),
(139, 'Escova', 11),
(140, 'Esfregão', 11),
(141, 'Lâmpada fluorescente', 11),
(142, 'Lâmpada', 11),
(143, 'Pilha Alcalina', 11),
(144, 'Pilha Comum', 11),
(145, 'Sandália', 11),
(146, 'Ração', 11),
(147, 'Eletroportáteis', 11),
(148, 'Esfregão', 11),
(149, 'Lâmpada fluorescente', 11),
(150, 'Lâmpada', 11),
(151, 'Pilha Alcalina', 11),
(152, 'Pilha Comum', 11),
(153, 'Sandália', 11),
(154, 'Talheres', 11),
(155, 'Vassoura', 11),
(156, 'Carne', 5),
(157, 'Salsicha Hot Dog', 5),
(158, 'Batata ', 1),
(159, 'Maçã', 1),
(160, 'Café', 1),
(161, 'Leite Integral', 4),
(162, 'Cerveja Retornável', 7),
(163, 'Carne', 5),
(164, 'Biscoito Água E Sal', 2),
(165, 'Bebida Láctea', 4),
(166, 'Biscoito Cream Cracker', 2),
(167, 'Mistura P/ Bolo', 2),
(168, 'Biscoito Água E Sal', 2),
(169, 'Cerveja Retornável', 7),
(184, 'Açúcar', 1),
(171, 'Linguiça Calabresa', 5),
(172, 'Batata Palito Congelada', 5),
(173, 'Hambúrguer', 5),
(174, 'Sandália Feminina', 11),
(175, 'Abacaxi', 1),
(176, 'Maracujá', 1),
(177, 'Mamão', 1),
(178, 'Abóbora', 1),
(179, 'Cebola', 1),
(180, 'Banana', 1),
(181, 'Cerveja Retornável', 7),
(182, 'Mistura Para Bolo', 2),
(183, 'Macarrão Instantâneo', 1),
(185, 'Açúcar Cristal', 1),
(186, 'Arroz', 1),
(187, 'Açúcar Cristal', 1),
(188, 'Batata', 1),
(189, 'Cebola', 1),
(190, 'Cebola', 1),
(191, 'Macarrão', 1),
(192, 'Macarrão', 1),
(193, 'Macarrão', 1),
(194, 'Farinha De Trigo', 1),
(195, 'Molho De Tomate', 1),
(196, 'Uva', 1),
(197, 'Abóbora', 1),
(198, 'Batata', 1),
(199, 'Linguiça De Frango', 5),
(200, 'Maionese', 1),
(201, 'Repolho', 1),
(202, 'Beterraba', 1),
(203, 'Milho Verde', 1),
(204, 'Amaciante', 9),
(205, 'Sabão Em Barra', 9),
(206, 'Pneu', 11),
(207, 'Suco De Caju Concentrado', 6),
(208, 'Detergente Em Pó', 9),
(209, 'Amaciante', 9),
(210, 'Pão ', 3),
(211, 'Refrigerante', 6),
(212, 'Rosca', 3),
(213, 'Torta', 3),
(214, 'Coxinha Da Asa', 5),
(215, 'Detergente Liquido', 9),
(216, 'Sabão Em Barra', 9),
(217, 'Leite Integral', 4),
(218, 'Leite Integral', 4),
(219, 'Leite Integral', 4),
(220, 'Papel Higiênico', 10),
(221, 'Macarrão Parafuso ', 1),
(222, 'Refrigerante Guaraná', 6),
(223, 'Refrigerante Guaraná', 6),
(224, 'Arroz', 1),
(225, 'Tomate', 1),
(226, 'Coxa S. Coxa', 5),
(227, 'Feijão Carioca', 1),
(228, 'Presunto Cozido', 5),
(229, 'Salsicha Hot Dog', 5),
(230, 'Coxinha Da Asa', 5),
(231, 'Cerveja', 7),
(232, 'Biscoito Recheado', 2),
(233, 'Esponja Multiuso', 9),
(234, 'Saco Para Lixo', 10),
(235, 'Balde', 11),
(236, 'Balde', 11),
(237, 'Feirinha', 11),
(238, 'Multiuso', 9),
(239, 'Filezinho Do Peito', 5),
(240, 'Maçã', 1),
(241, 'Maçã', 1),
(242, 'Maçã', 1),
(243, 'Maçã', 1),
(244, 'Maçã', 1),
(245, 'Maçã', 1),
(246, 'Maçã', 1),
(247, 'Maçã', 1),
(248, 'Maçã', 1),
(249, 'Maçã', 1),
(250, 'Maçã', 1),
(251, 'Água De Coco', 6),
(252, 'Whisky', 7),
(253, 'Energético', 6),
(254, 'Queijo Mussarela', 4),
(255, 'Sorvete', 5),
(256, 'Carré Suíno', 5),
(257, 'Linguiça Suína', 5),
(258, 'Peito De Frango', 5),
(259, 'Coxa E Sobrecoxa', 5),
(260, 'Coxa E Sobrecoxa', 5),
(261, 'Pão', 3),
(262, 'Pão ', 3),
(263, 'Pão', 3),
(264, 'Bolo', 3),
(265, 'Molho De Tomate', 1),
(266, 'Macarrão Instantâneo', 1),
(267, 'Macarrão Espaguete', 1),
(268, 'Flocão De Milho', 1),
(269, 'Tomate', 1),
(270, 'Uva', 1),
(271, 'Cebola', 1),
(272, 'Melão', 1),
(273, 'Batata', 1),
(274, 'Leite Condensado', 2),
(275, 'Biscoito Wafer', 2),
(276, 'Água Sanitária', 9),
(277, 'Detergente Liquido', 9),
(278, 'Refrigerante', 6),
(279, 'Cenoura', 1),
(280, 'Melancia', 1),
(281, 'Birinight', 7),
(282, 'Maçã', 1),
(283, 'Maçã', 1),
(284, 'Macarrão Espaguete', 1),
(285, 'Batata', 1),
(286, 'Feijão Carioca', 1),
(287, 'Presunto Cozido', 5),
(288, 'Lasanha', 5),
(289, 'Steak De Frango', 5),
(290, 'Linguiça Toscana Suína', 5),
(291, 'Linguiça Calabresa', 5),
(292, 'Multiuso', 9),
(293, 'Papel Toalha', 10),
(294, 'Água Sanitária', 9),
(295, 'Biscoito Maizena', 2),
(296, 'Pepel Higiênico', 10),
(297, 'Papel Higiênico', 10),
(298, 'Filé De Peito', 5),
(299, 'Chicken', 5),
(300, 'Achocolatado Em Pó', 3),
(301, 'Azeitona', 1),
(302, 'Biscoito Rosquinha', 2),
(303, 'Melão', 1),
(304, 'Pernil', 5),
(305, 'Arroz', 1),
(306, 'Detergente Em Pó', 9),
(307, 'Carne', 5),
(308, 'Carne', 5),
(309, 'Cerveja', 7),
(310, 'Linguiça', 5),
(311, 'Macarrão Instantâneo', 1),
(312, 'Molho De Tomate', 1),
(313, 'Macarrão Espaguete', 1),
(314, 'Feijão Carioca', 1),
(315, 'Melão', 1),
(316, 'Arroz', 1),
(317, 'Batata', 1),
(318, 'Uva', 1),
(319, 'Manga', 1),
(320, 'Maçã', 1),
(321, 'Pera', 1),
(322, 'Amaciante', 9),
(323, 'Desinfetante', 9),
(324, 'Limpador', 9),
(325, 'Biscoito Wafer', 2),
(326, 'Biscoito Recheado', 2),
(327, 'Biscoito Maizena', 2),
(328, 'Pão', 3),
(329, 'Pão', 3),
(330, 'Pão', 3),
(331, 'Torta Confeitada', 3),
(332, 'Bolo De Limão Com Cobertura', 3),
(333, 'Requeijão', 4),
(334, 'Frango A Passarinho', 5),
(335, 'Lasanha', 5),
(336, 'Peixe Piramutaba', 5),
(337, 'Hambúrguer', 5),
(338, 'Talher Inox', 11),
(339, 'Suco', 6),
(340, 'Suco', 6),
(341, 'Refresco', 6),
(342, 'Ovo', 3),
(343, 'Detergente Pó', 9),
(344, 'Detergente Em Pó', 9),
(345, 'Peixe ', 5),
(346, 'Margarina', 4),
(347, 'Coxa E Sobrecoxa', 5),
(348, 'Coxa S. Coxa', 5),
(349, 'Tirinha De Frango', 5),
(350, 'Lã De Aço', 9),
(351, 'Macarrão De Sêmola Espaguete', 1),
(352, 'Molho De Tomate', 1),
(353, 'Azeitona Verde Com Caroço', 1),
(354, 'Ketchup', 1),
(355, 'Cereal Sucrilhos', 3),
(356, 'Mucilon', 3),
(357, 'Empanados ', 5),
(358, 'Apresuntado Retangular', 5),
(359, 'Suco De Maracujá Concentrado', 6),
(360, 'Suco De Uva (Integral)', 6),
(361, 'Cerveja', 7),
(362, 'Caixa Cerveja', 7),
(363, 'Leite De Coco', 4),
(364, 'Leite De Coco	', 4),
(365, 'Coco Ralado Úmido', 1),
(366, 'Goiabada', 2),
(367, 'Fermento Em Pó', 1),
(368, 'Batata Palha', 1),
(369, 'Pêssego Em Calda', 2),
(370, 'Cereal Sucrilhos', 3),
(371, 'Cereal Sucrilhos', 3),
(372, 'Cereal Sucrilhos', 3),
(373, 'Cereal Sucrilhos', 3),
(374, 'Cereal Sucrilhos', 3),
(375, 'Tomate', 1),
(376, 'Tomate', 1),
(377, 'Arroz', 1),
(378, 'Papel Higiênico', 10),
(379, 'Papel Higiênico', 10),
(380, 'Figado', 5),
(381, 'Macarrão Parafuso', 1),
(382, 'Maçã', 1),
(383, 'Maçã', 1),
(384, 'Maçã', 1),
(385, 'Feijão Carioca', 1),
(386, 'Maçã', 1),
(387, 'Farinha De Trigo', 1),
(388, 'Farinha De Trigo', 1),
(389, 'Macarrão Instantâneo', 1),
(390, 'Bebida Láctea', 4),
(391, 'Iogurte', 4),
(392, 'Linguiça Toscana Suína', 5),
(393, 'Lasanha', 5),
(394, 'Hambúrguer', 5),
(395, 'Refrigerante', 6),
(396, 'Creme Tratamento', 8),
(397, 'Lã De Aço', 9),
(398, 'Fralda Descartável', 10),
(399, 'Papel Higiênico', 10),
(400, 'Papel Higiênico', 10),
(401, 'Balde', 11),
(402, 'Rodo', 11),
(403, 'Tomate', 1),
(404, 'Macarrão Espaguete', 1),
(405, 'Biscoito Cream Cracker', 2),
(406, 'Papel Higiênico', 10),
(407, 'Mistura Para Bolo', 2),
(408, 'Feijão Carioca', 1),
(409, 'Óleo De Soja', 1),
(410, 'Refrigerante', 6),
(411, 'Refrigerante', 6),
(412, 'Bebida Mista', 6),
(413, 'Bebida Láctea', 4),
(414, 'Sorvete', 5),
(415, 'Queijo', 4),
(416, 'Presunto', 5),
(417, 'Salsicha Hot Dog', 5),
(418, 'Coxa S. Coxa', 5),
(419, 'Papel Higiênico', 10),
(420, 'Absorvente', 8),
(421, 'Creme Dental', 8),
(422, 'Carvão', 11),
(423, 'Saco Para Lixo', 10),
(424, 'Azeitona Verde', 1),
(425, 'Feirinha', 11),
(426, 'Feirinha', 11),
(427, 'Maionese', 1),
(428, 'Bebida Láctea', 4),
(429, 'Linguiça Toscana De Frango', 5),
(430, 'Coxa S. Coxa', 5),
(431, 'Filé De Meluza', 5),
(432, 'Molho De Tomate', 1),
(433, 'Milho Verde', 1),
(434, 'Sardinha Com Óleo', 1),
(435, 'Pão', 3),
(436, 'Pão', 3),
(437, 'Bolo', 3),
(438, 'Água Sanitária', 9),
(439, 'Detergente Liquido', 9),
(440, 'Sabonete', 8),
(441, 'Suco', 6),
(442, 'Maracujá', 1),
(443, 'Abóbora', 1),
(444, 'Maçã', 1),
(445, 'Maçã', 1),
(446, 'Batata', 1),
(447, 'Uva', 1),
(448, 'Tomate', 1),
(449, 'Salsicha Hot Dog', 5),
(450, 'Salsicha Hot Dog', 5),
(451, 'Salsicha Hot Dog', 5),
(452, 'Queijo', 4),
(453, 'Peixe Mapará', 5),
(454, 'Peixe Piramutaba', 5),
(455, 'Linguiça Suína', 5),
(456, 'Batata Palito Congelada', 5),
(457, 'Batata Palito', 5),
(458, 'Hambúrguer', 5),
(459, 'Bebida Láctea', 4),
(460, 'Azeite', 1),
(461, 'Flocão Milho', 1),
(462, 'Farinha De Trigo', 1),
(463, 'Batata Palha', 1),
(464, 'Macarrão Instantâneo', 1),
(465, 'Cebola', 1),
(466, 'Limão', 1),
(467, 'Banana', 1),
(468, 'Maçã', 1),
(469, 'Pão', 3),
(470, 'Pão', 3),
(471, 'Pudim', 3),
(472, 'Suco De Uva (integral)', 6),
(473, 'Água Sanitária', 9),
(474, 'Detergente Liquido', 9),
(475, 'Esponja Multiuso', 9),
(476, 'Biscoito Recheado', 2),
(477, 'Arroz', 1),
(478, 'Papel Higiênico', 10),
(479, 'Carne', 5),
(480, 'Óleo De Soja', 1),
(481, 'Feijão Carioca', 1),
(482, 'Queijo', 4),
(483, 'Banana', 1),
(484, 'Refrigerante', 6),
(485, 'Carne', 5),
(486, 'Mistura P/ Bolo', 2),
(487, 'Mistura P/ Bolo', 2),
(488, 'Mistura P/ Bolo', 2),
(489, 'Salsicha Hot Dog', 5),
(490, 'Linguiça Calabresa', 5),
(491, 'Linguiça Calabresa', 5),
(492, 'Filé Do Peito De Frango', 5),
(493, 'Mistura Para Bolo', 2),
(494, 'Suco', 6),
(495, 'Desinfetante', 9),
(496, 'Papel Higiênico', 10),
(497, 'Rodo', 11),
(498, 'Peixe Branquinha', 5),
(499, 'Mingau', 3),
(500, 'Bebida Láctea', 4),
(501, 'Requeijão Cremoso', 4),
(502, 'Lasanha', 5),
(503, 'Azeite', 1),
(504, 'Bolinho', 2),
(505, 'Pão', 3),
(506, 'Pão', 3),
(507, 'Desinfetante', 9),
(508, 'Água Sanitária', 9),
(509, 'Suco', 6),
(510, 'Melão', 1),
(511, 'Copo', 11),
(512, 'Molho', 1),
(513, 'Biscoito Amanteigado', 2),
(514, 'Biscoito Recheado', 2),
(523, 'Biscoito Recheado', 2),
(522, 'Peixe Sardinha', 5),
(518, 'Camarão  Cong.', 5),
(519, 'Mistura Para Bolo', 2),
(520, 'Nuggets', 5),
(521, 'Camarão  Cong.', 5),
(524, 'Queijo Parmesão Ralado', 4),
(525, 'Sanduíche Hot Hit', 3),
(526, 'Achocolatado', 3),
(527, 'Camarão  Congelado', 5),
(528, 'Linguiça De Frango', 5),
(529, 'Cerveja Retornável', 7),
(530, 'Linguiça', 5),
(531, 'Carne', 5),
(532, 'Macarrão Espaguete', 1),
(533, 'Molho De Tomate', 1),
(534, 'Biscoito Cream Cracker', 2),
(535, 'Linguiça De Frango', 5),
(536, 'Café', 1),
(537, 'Maçã', 1),
(538, 'Uva', 1),
(539, 'Maracujá', 1),
(540, 'Batata', 1),
(541, 'Abóbora', 1),
(542, 'Flocão Milho', 1),
(543, 'Azeitona (Verde)', 1),
(544, 'Pão', 3),
(545, 'Margarina', 4),
(546, 'Iogurte', 4),
(547, 'Leite De Coco', 4),
(548, 'Sardinha', 5),
(549, 'Peixe File De Mapará', 5),
(550, 'Frango A Passarinho', 5),
(551, 'Refrigerante', 6),
(552, 'Cerveja', 7),
(553, 'Desinfetante', 9),
(554, 'Sabonete', 8),
(555, 'Papel Higiênico', 10),
(556, 'Leite De Coco', 4),
(557, 'Leite De Coco', 4),
(558, 'Azeite', 1),
(559, 'Bombom', 2),
(560, 'Mistura Para Bolo', 2),
(561, 'Leite De Coco', 4),
(562, 'Fralda Descartável', 10),
(563, 'Fralda Descartável', 10),
(564, 'Amaciante', 9),
(565, '', 1),
(566, 'Chuchu', 1),
(567, 'Berinjela', 1),
(568, 'Arroz', 1),
(569, 'Chambaril', 5),
(570, 'Costela', 5),
(571, 'Peito ', 5),
(572, 'Patinho', 5),
(573, 'Mistura Para Bolo', 2),
(574, 'Arroz', 1),
(575, 'Molho De Tomate', 1),
(576, 'Pimentão', 1),
(577, 'Repolho', 1),
(578, 'Azeite', 1),
(579, 'Chocolate', 2),
(580, 'Pão Hot Dog', 3),
(581, 'Linguiça Suína', 5),
(582, 'Peixe Filé De Mapará', 5),
(583, 'Carne', 5),
(584, 'Bacon', 5),
(585, 'Refrigerante', 6),
(586, 'Suco Integral Uva Ou Maçã', 6),
(587, 'Sabonete', 8),
(588, 'Amaciante', 9),
(589, 'Papel Higiênico', 10),
(590, 'Pera', 1),
(591, 'Pera', 1),
(592, 'Café', 1),
(593, 'Fralda Descartável', 10),
(594, 'Inseticida', 9),
(595, 'Saco Para Lixo', 10),
(596, 'Café', 1),
(597, 'Arroz', 1),
(598, 'Biscoito Cream Cracker', 2),
(599, 'Figado', 5),
(600, 'Detergente Em Pó', 9),
(601, 'Sabonete Original', 8),
(602, 'Bebida Láctea', 4),
(603, 'Maçã', 1),
(604, 'Abacaxi', 1),
(605, 'Açúcar Cristal', 1),
(606, 'Arroz', 1),
(607, 'Feijão Carioca', 1),
(608, 'Café', 1),
(609, 'Peixe Piramutaba', 5),
(610, 'Steak De Frango', 5),
(611, 'Hambúrguer', 5),
(612, 'Margarina', 4),
(613, 'Biscoito Cream Cracker', 2),
(614, 'Biscoito Maisena', 2),
(615, 'Molho De Tomate', 1),
(616, 'Macarrão Espaguete', 1),
(617, 'Azeitona Com Caroço', 1),
(618, 'Amaciante', 9),
(619, 'Água Sanitária', 9),
(620, 'Detergente Líquido', 9),
(621, 'Papel Higiênico', 10),
(622, 'Jarra Vidro', 11),
(623, 'Suco', 6),
(624, 'Refrigerante', 6),
(625, 'Refrigerante', 6),
(626, 'Refresco', 6),
(627, 'Uva Sem Semente', 1),
(628, 'Kiwi', 1),
(629, 'Pão Hot Dog', 3),
(630, 'Pão De Queijo', 3),
(631, 'Tartaruguita', 2),
(632, 'Tortuguita', 2),
(633, 'Arroz', 1),
(634, 'Feijão Carioca', 1),
(635, 'Maionese', 1),
(636, 'Pimentão', 1),
(637, 'Melancia', 1),
(638, 'Abacaxi', 1),
(639, 'Carne', 5),
(640, 'Linguiça De Frango', 5),
(641, 'Linguiça De Frango', 5),
(642, 'Papel Higiênico', 10),
(643, 'Papel Higiênico', 10),
(644, 'Mamão', 1),
(645, 'Melancia', 1),
(646, 'Melancia', 1),
(647, 'Linguiça Toscana', 5),
(648, 'Poupa', 4),
(649, 'Mocoto', 5),
(650, 'Alface', 1),
(651, 'Cheiro', 1),
(652, 'Ceveja', 7),
(653, 'Batata', 1),
(654, 'Cenoura', 1),
(655, 'Mamão', 1),
(656, 'Banana', 1),
(657, 'Pera', 1),
(658, 'Cerveja', 7),
(659, 'Arroz', 1),
(660, 'Azeite De Oliva', 1),
(661, 'Amaciante', 9),
(662, 'Água Sanitária', 9),
(663, 'Suco De Uva Integral', 6),
(664, 'Pão De Leite ', 3),
(665, 'Mexerica', 1),
(666, 'Laranja', 1),
(667, 'Salsicha Com Urucum', 5),
(668, 'Extrato De Tomate', 1),
(669, 'Milho Verde', 1),
(670, 'Creme De Leite', 2),
(671, 'Rosquinha Coco', 3),
(672, 'Achocolatado', 3),
(673, 'Achocolatado', 3),
(674, 'Petit Suisse Morango', 4),
(675, 'Sabão Em Pó', 9),
(676, 'Detergente Em Pó', 9),
(677, 'Papel Higiênico', 10),
(678, 'Sabonete', 8),
(679, 'Pepino', 1),
(680, 'Feijão', 1),
(681, 'Molho De Tomate', 1),
(682, ' Molho De Tomate', 1),
(683, 'Refresco Em Pó', 6),
(684, 'Batata Doce', 1),
(685, 'Batata', 1),
(686, 'Asa De Frango', 5),
(687, 'Rosquinha De Coco', 2),
(688, 'Rosca Doce', 3),
(689, 'Biscoito De Queijo', 3),
(690, 'Prato', 11),
(691, 'Mandioca', 1),
(692, 'Goiaba', 1),
(693, 'Margarina', 4),
(694, 'Maçã', 1),
(695, 'Pera', 1),
(696, 'Caqui', 1),
(697, 'Batata', 1),
(698, 'Repolho', 1),
(699, 'Cenoura', 1),
(700, 'Linguiça Calabresa', 5),
(701, 'Salsicha Hot Dog', 5),
(702, 'Bebida Láctea', 4),
(703, 'Leite Condensado', 2),
(704, 'Biscoito Rosquinha', 2),
(705, 'Creme De Leite', 2),
(706, 'Azeite', 1),
(707, 'Macarrão Espaguete', 1),
(708, 'Molho De Tomate', 1),
(709, 'Milho Verde', 1),
(710, 'Cereal Sucrilhos', 3),
(711, 'Cereal Sucrilhos', 3),
(712, 'Cereal Sucrilhos', 3),
(713, 'Desinfetante', 9),
(714, 'Água Sanitária', 9),
(715, 'Escova Dental', 8),
(716, 'Suco De Uva (integral)', 6),
(717, 'Suco', 6),
(718, 'Refrigerante', 6),
(719, 'Refrigerante', 6),
(720, 'Vinho', 7),
(721, 'Banana', 1),
(722, 'Torta Confeitada', 3),
(723, 'Salgado', 3),
(724, 'Pudim', 3),
(726, 'Assadeira', 11),
(727, 'Garrafa Térmica', 11),
(728, 'Óleo De Soja', 1),
(729, 'Óleo De Soja', 1),
(730, 'Óleo De Soja', 1),
(731, 'Óleo De Soja', 1),
(732, 'Peito', 5),
(733, 'Milho Verde', 1),
(734, 'Café', 1),
(735, 'Figado', 5),
(736, 'Amaciante', 9),
(737, 'Molho De Tomate', 1),
(738, 'Molho De Tomate', 1),
(739, 'Melão', 1),
(740, 'Maracujá', 1),
(741, 'Melão', 1),
(742, 'Melão', 1),
(743, 'Milho Verde', 1),
(744, 'Repolho', 1),
(745, 'Macarrão Instantâneo', 1),
(746, 'Creme De Leite', 2),
(747, 'Bolo', 3),
(748, 'Pão Hot Dog', 3),
(749, 'Pão', 3),
(750, 'Pão', 3),
(751, 'Pão De Forma', 3),
(752, 'Bebida Láctea', 4),
(753, 'Queijo Mussarela', 4),
(754, 'Queijo Mussarela', 4),
(755, 'Queijo Mussarela', 4),
(756, 'Batata Palito', 5),
(757, 'Figado', 5),
(758, 'Steak', 5),
(759, 'Hambúrguer', 5),
(760, 'Requeijão', 4),
(761, 'Requeijão Cremoso', 4),
(762, 'Tapioca', 1),
(763, 'Cereal', 3),
(764, 'Cotonete', 8),
(765, 'Cotonetes', 8),
(766, 'Cotonetes', 8),
(767, 'Amaciante', 9),
(768, 'Desinfetante', 9),
(769, 'Lã De Aço', 9),
(770, 'Refrigerante', 6),
(771, 'Suco', 6),
(772, 'Refrescante Em Pó', 6),
(773, 'Refresco Em Pó', 6),
(774, 'Molho De Tomate', 1),
(775, 'Tapioca', 1),
(776, 'Milho', 1),
(777, 'Pão', 3),
(778, 'Bebida Láctea', 4),
(779, 'Bebida Láctea', 4),
(780, 'Cotonetes', 8),
(781, 'Desinfetante', 9),
(782, 'Açúcar Cristal', 1),
(783, 'Banana', 1),
(784, 'Cenoura', 1),
(785, 'Laranja', 1),
(786, 'Laranja', 1),
(787, 'Manga', 1),
(788, 'Mexerica', 1),
(789, 'Café', 1),
(790, 'Steak', 5),
(791, 'Steak De Frango', 5),
(792, 'Steak De Frango', 5),
(793, 'Linguiça Suína', 5),
(794, 'Suco', 6),
(795, 'Refresco Em Pó', 6),
(796, 'Refresco', 6),
(797, 'Pão', 3),
(798, 'Pão', 3),
(799, 'Pão', 3),
(800, 'Pizza', 3),
(801, 'Sabão Liquido', 9),
(802, 'Sabão Em Barra', 9),
(803, 'Sabão Em Barra', 9),
(804, 'Desinfetante', 9),
(805, 'Absorvente', 8),
(806, 'Ração', 11),
(807, 'Rosquinha', 2),
(808, 'Mistura P/ Bolo', 2),
(809, 'Mistura Para Bolo', 2),
(810, 'Leite Em Pó', 3),
(811, 'Cenoura', 1),
(812, 'Mandioca', 1),
(813, 'Abóbora', 1),
(814, 'Batata', 1),
(815, 'Melancia', 1),
(816, 'Óleo De Soja', 1),
(817, 'Arroz', 1),
(818, 'Açúcar Cristal', 1),
(819, 'Macarrão Espaguete', 1),
(820, 'Amendoím Torrado E Moído', 1),
(821, 'Leite Integral', 4),
(822, 'Achocolatado Em Pó', 3),
(823, 'Cerveja', 7),
(824, 'Desinfetante', 9),
(825, 'Detergente Liquido', 9),
(826, 'Linguiça Calabresa', 5),
(827, 'Batata Congelada', 5),
(828, 'Molho De Tomate', 1),
(829, 'Macarrão Espaguete', 1),
(830, 'Rosquinha', 2),
(831, 'Leite Condensado', 2),
(832, 'Achocolatado Em Pó', 3),
(833, 'Achocolatado', 3),
(834, 'Achocolatado Em Pó', 3),
(835, 'Amaciante Concentrado', 9),
(836, 'Limpador Multiuso', 9),
(837, 'Detergente Liquido', 9),
(838, 'Creme Dental', 8),
(839, 'Refrigerante', 6),
(840, 'Refrigerante', 6),
(841, 'Refrigerante', 6),
(842, 'Suco', 6),
(843, 'Vinho', 7),
(844, 'Coco', 1),
(845, 'Pera', 1),
(846, 'Melão', 1),
(847, 'Pimentão', 1),
(848, 'Alho A Ranel', 1),
(849, 'Alho A Granel', 1),
(850, 'Alho A Ranel', 1),
(851, 'Torta Confeitada', 3),
(852, 'Pão', 3),
(853, 'Rosca', 3),
(854, 'Detergente Em Pó', 9),
(855, 'Detergente Em Pó', 9),
(856, 'Detergente Em Pó', 9),
(857, 'Cenoura', 1),
(858, 'Batata', 1),
(859, 'Melancia', 1),
(860, 'Abacaxi', 1),
(861, 'Maracujá', 1),
(862, 'Abacaxi', 1),
(863, 'Detergente Em Pó', 9),
(864, 'Detergente Em Pó', 9),
(865, 'Detergente Em Pó', 9),
(866, 'Desodorante Aerosol', 8),
(867, 'Cerveja', 7),
(868, 'Refresco', 6),
(869, 'Água De Coco', 6),
(870, 'Amaciante', 9),
(871, 'Água Sanitária', 9),
(872, 'Detergente Liquido', 9),
(873, 'Azeite De Oliva ', 1),
(874, 'Azeite De Oliva - Extra Virge', 1),
(875, 'Azeite De Oliva - Extra Virgem', 1),
(876, 'Milho Verde', 1),
(877, 'Azeitona Verde', 1),
(878, 'Flocão De Milho', 1),
(879, 'Creme De Leite', 2),
(880, 'Batata', 1),
(881, 'Milho Verde', 1),
(882, 'Gengibre', 1),
(883, 'Pão', 3),
(884, 'Bolo', 3),
(885, 'Salgado', 3),
(886, 'Bebida Láctea', 4),
(887, 'Petit Suisse', 4),
(888, 'Linguiça Calabresa', 5),
(889, 'Lasanha', 5),
(890, 'Pokan', 1),
(891, 'Mexerica', 1),
(892, 'Uva', 1),
(893, 'Uva', 1),
(894, 'Bebida Láctea', 4),
(895, 'Banana', 1),
(896, 'Milho De Canjica', 1),
(897, 'Milho De Pipoca', 1),
(898, 'Refresco', 6),
(899, 'Suco', 6),
(900, 'Esponja Multiuso', 9),
(901, 'Limpador Perfumado', 9),
(902, 'Água Sanitária', 9),
(903, 'Hidratante', 8),
(904, 'Biscoito Cream Cracker', 2),
(905, 'Macarrão Espaguete', 1),
(906, 'Macarrão Instantâneo', 1),
(907, 'Molho De Tomate', 1),
(908, 'Flocão De Milho', 1),
(909, 'Mamão', 1),
(910, 'Maçã', 1),
(911, 'Laranja', 1),
(912, 'Cenoura', 1),
(913, 'Linguiça De Frango', 5),
(914, 'Steak', 5),
(915, 'Bebida Láctea', 4),
(916, 'Leite Fermentado', 4),
(917, 'Pão', 3),
(918, 'Pão', 3),
(919, 'Pão', 3),
(920, 'Milho Verde', 1),
(921, 'Milho Verde', 1),
(922, 'Milho De Canjica', 1),
(923, 'Cebola', 1),
(924, 'Batata', 1),
(925, 'Batata', 1),
(926, 'Mandioca', 1),
(927, 'Banana', 1),
(928, 'Banana', 1),
(929, 'Macarrão De Sêmola Espaguete', 1),
(930, 'Farinha De Trigo', 1),
(931, 'Açúcar Cristal', 1),
(932, 'Açúcar Cristal', 1),
(933, 'Bisteca', 5),
(934, 'Batata', 1),
(935, 'Macarrão Sêmola', 1),
(936, ' Sabonete', 8);

-- --------------------------------------------------------

--
-- Estrutura para tabela `cad_promocao`
--

CREATE TABLE IF NOT EXISTS `cad_promocao` (
  `preco` double(10,2) DEFAULT NULL,
  `id_mercado` int(11) DEFAULT NULL,
  `id_prod` int(11) DEFAULT NULL,
  `validade` varchar(30) DEFAULT NULL
) ENGINE=MyISAM DEFAULT CHARSET=utf8;

--
-- Fazendo dump de dados para tabela `cad_promocao`
--

INSERT INTO `cad_promocao` (`preco`, `id_mercado`, `id_prod`, `validade`) VALUES
(11.98, 1, 10, '21/06/2017'),
(8.99, 1, 226, '21/06/2017'),
(6.99, 1, 351, '21/06/2017'),
(9.98, 1, 1025, '21/06/2017'),
(1.98, 1, 573, '21/06/2017'),
(1.68, 1, 267, '21/06/2017'),
(1.59, 4, 191, '12/04/2017'),
(9.49, 4, 656, '12/04/2017'),
(16.99, 4, 12, '12/04/2017'),
(1.49, 4, 190, '12/04/2017'),
(9.99, 4, 737, '12/04/2017'),
(2.99, 4, 736, '12/04/2017'),
(1.78, 12, 233, '28/06/2017'),
(0.98, 12, 345, '28/06/2017'),
(2.99, 9, 450, '25/03/2017'),
(5.99, 9, 456, '25/03/2017'),
(5.99, 9, 319, '25/03/2017'),
(12.79, 9, 9, '25/03/2017'),
(3.69, 9, 201, '25/03/2017'),
(9.99, 9, 226, '25/03/2017'),
(7.99, 10, 560, '31/07/2017'),
(1.89, 10, 233, '31/07/2017'),
(5.69, 10, 241, '31/07/2017'),
(4.99, 10, 529, '31/07/2017'),
(4.49, 10, 605, '31/07/2017'),
(7.99, 10, 87, '31/07/2017'),
(15.98, 11, 427, '09/03/2017'),
(15.49, 11, 424, '09/03/2017'),
(1.59, 11, 248, '09/03/2017'),
(8.99, 11, 429, '09/03/2017'),
(1.39, 11, 428, '09/03/2017'),
(10.99, 11, 425, '09/03/2017'),
(0.98, 12, 813, '28/06/2017'),
(2.29, 12, 79, '28/06/2017'),
(1.29, 12, 81, '28/06/2017'),
(1.29, 12, 218, '28/06/2017'),
(2.29, 13, 79, '28/06/2017'),
(1.98, 13, 217, '28/06/2017'),
(1.29, 13, 123, '28/06/2017'),
(4.38, 13, 106, '28/06/2017'),
(0.98, 13, 345, '28/06/2017'),
(1.29, 13, 218, '28/06/2017'),
(5.19, 14, 435, '09/05/2016'),
(8.99, 14, 281, '09/05/2016'),
(2.99, 14, 52, '09/05/2017'),
(4.49, 14, 652, '31/05/2017'),
(9.35, 14, 718, '09/05/2016'),
(1.99, 14, 618, '30/06/2017'),
(1.68, 3, 28, '08/07/2017'),
(0.98, 3, 67, '08/07/2017'),
(6.49, 3, 1048, '08/07/2017'),
(3.78, 3, 106, '08/07/2017'),
(8.98, 3, 1050, '08/07/2017'),
(1.29, 3, 549, '08/07/2017');

--
-- Índices de tabelas apagadas
--

--
-- Índices de tabela `cad_categoria`
--
ALTER TABLE `cad_categoria`
  ADD PRIMARY KEY (`id_cat`);

--
-- Índices de tabela `cad_desc`
--
ALTER TABLE `cad_desc`
  ADD PRIMARY KEY (`id_desc`);

--
-- Índices de tabela `cad_endereco`
--
ALTER TABLE `cad_endereco`
  ADD KEY `cad_endereco_fk0` (`id_mercado`), ADD KEY `id_mercado` (`id_mercado`);

--
-- Índices de tabela `cad_img`
--
ALTER TABLE `cad_img`
  ADD PRIMARY KEY (`id_prod`);

--
-- Índices de tabela `cad_mercado`
--
ALTER TABLE `cad_mercado`
  ADD PRIMARY KEY (`id_mercado`), ADD UNIQUE KEY `razao_social` (`razao_social`), ADD UNIQUE KEY `fone` (`fone`), ADD UNIQUE KEY `email` (`email`), ADD UNIQUE KEY `cnpj` (`cnpj`), ADD UNIQUE KEY `logo` (`logo`), ADD UNIQUE KEY `usuario` (`usuario`), ADD UNIQUE KEY `senha` (`senha`);

--
-- Índices de tabela `cad_preco`
--
ALTER TABLE `cad_preco`
  ADD KEY `cad_preco_fk2` (`id_cat`), ADD KEY `cad_preco_fk0` (`id_mercado`), ADD KEY `cad_preco_fk1` (`id_prod`), ADD KEY `id_prod` (`id_prod`), ADD KEY `id_mercado` (`id_mercado`);

--
-- Índices de tabela `cad_produto`
--
ALTER TABLE `cad_produto`
  ADD PRIMARY KEY (`id_prod`);

--
-- Índices de tabela `cad_prod_categoria`
--
ALTER TABLE `cad_prod_categoria`
  ADD PRIMARY KEY (`id_prodcat`), ADD KEY `id_cat` (`id_cat`);

--
-- Índices de tabela `cad_promocao`
--
ALTER TABLE `cad_promocao`
  ADD KEY `cad_promocao_fk0` (`id_mercado`), ADD KEY `cad_promocao_fk1` (`id_prod`);

--
-- AUTO_INCREMENT de tabelas apagadas
--

--
-- AUTO_INCREMENT de tabela `cad_categoria`
--
ALTER TABLE `cad_categoria`
  MODIFY `id_cat` int(11) NOT NULL AUTO_INCREMENT,AUTO_INCREMENT=12;
--
-- AUTO_INCREMENT de tabela `cad_desc`
--
ALTER TABLE `cad_desc`
  MODIFY `id_desc` int(11) NOT NULL AUTO_INCREMENT,AUTO_INCREMENT=8;
--
-- AUTO_INCREMENT de tabela `cad_img`
--
ALTER TABLE `cad_img`
  MODIFY `id_prod` int(11) NOT NULL AUTO_INCREMENT,AUTO_INCREMENT=78;
--
-- AUTO_INCREMENT de tabela `cad_mercado`
--
ALTER TABLE `cad_mercado`
  MODIFY `id_mercado` int(11) NOT NULL AUTO_INCREMENT,AUTO_INCREMENT=18;
--
-- AUTO_INCREMENT de tabela `cad_produto`
--
ALTER TABLE `cad_produto`
  MODIFY `id_prod` int(11) NOT NULL AUTO_INCREMENT,AUTO_INCREMENT=1059;
--
-- AUTO_INCREMENT de tabela `cad_prod_categoria`
--
ALTER TABLE `cad_prod_categoria`
  MODIFY `id_prodcat` int(11) NOT NULL AUTO_INCREMENT,AUTO_INCREMENT=937;
/*!40101 SET CHARACTER_SET_CLIENT=@OLD_CHARACTER_SET_CLIENT */;
/*!40101 SET CHARACTER_SET_RESULTS=@OLD_CHARACTER_SET_RESULTS */;
/*!40101 SET COLLATION_CONNECTION=@OLD_COLLATION_CONNECTION */;
